Latitude,Longitude,Elevation,Time,Distance (m),Cumulative Distance (m),Time Diff (s),Speed (m/s),Speed (km/h),Pace (min/km)
51.624073,0.419977,90.6,2022-06-10 13:53:27+00:00,0.0,0.0,0.0,,,
51.624093,0.419999,90.7,2022-06-10 13:53:28+00:00,2.696795278927873,2.696795278927873,1.0,2.696795278927873,9.708463004140343,6.180174964297845
51.624089,0.42,90.8,2022-06-10 13:53:29+00:00,0.45039662682103887,3.1471919057489117,1.0,0.45039662682103887,1.62142785655574,37.00442160125018
51.624086,0.419997,90.8,2022-06-10 13:53:30+00:00,0.3931561627684505,3.5403480685173623,1.0,0.3931561627684505,1.4153621859664218,42.39197612802653
51.624087,0.419977,90.9,2022-06-10 13:53:31+00:00,1.3894972015150997,4.929845270032462,1.0,1.3894972015150997,5.002189925454359,11.994746479873028
51.624092,0.419961,91.0,2022-06-10 13:53:32+00:00,1.2398377999294081,6.16968306996187,1.0,1.2398377999294081,4.463416079745869,13.442618597058104
51.624095,0.419934,91.1,2022-06-10 13:53:33+00:00,1.8993560095549165,8.069039079516786,1.0,1.8993560095549165,6.8376816343977,8.774904011055952
51.624091,0.419915,91.2,2022-06-10 13:53:34+00:00,1.3890096853924019,9.458048764909188,1.0,1.3890096853924019,5.000434867412647,11.998956408974394
51.624086,0.419884,91.3,2022-06-10 13:53:35+00:00,2.217711193770777,11.675759958679965,1.0,2.217711193770777,7.983760297574798,7.51525568950586
51.624078,0.419831,91.5,2022-06-10 13:53:36+00:00,3.7767281712481666,15.452488129928131,1.0,3.7767281712481666,13.5962214164934,4.412990798106213
51.624075,0.419811,91.6,2022-06-10 13:53:37+00:00,1.4246873242415834,16.877175454169716,1.0,1.4246873242415834,5.128874367269701,11.698473330307044
51.624068,0.419755,91.9,2022-06-10 13:53:38+00:00,3.9555315737301657,20.832707027899882,1.0,3.9555315737301657,14.239913665428597,4.213508691816504
51.624066,0.419739,92.0,2022-06-10 13:53:39+00:00,1.130151985513785,21.962859013413667,1.0,1.130151985513785,4.068547147849626,14.747279021139565
51.624072,0.41968,92.2,2022-06-10 13:53:40+00:00,4.140031676416349,26.102890689830016,1.0,4.140031676416349,14.904114035098857,4.025734093197444
51.624063,0.419616,92.5,2022-06-10 13:53:41+00:00,4.543823927436307,30.646714617266323,1.0,4.543823927436307,16.357766138770707,3.667982503906186
51.624061,0.419591,92.6,2022-06-10 13:53:42+00:00,1.7455369500954445,32.39225156736177,1.0,1.7455369500954445,6.283933020343601,9.54816033298828
51.624044,0.419544,92.8,2022-06-10 13:53:43+00:00,3.764497385266835,36.156748952628604,1.0,3.764497385266835,13.552190586960606,4.427328527812299
51.624041,0.419499,93.0,2022-06-10 13:53:44+00:00,3.134157256455582,39.290906209084184,1.0,3.134157256455582,11.282966123240096,5.317750611376468
51.624029,0.419448,93.3,2022-06-10 13:53:45+00:00,3.7757753508156964,43.066681559899884,1.0,3.7757753508156964,13.592791262936506,4.414104420451312
51.624027,0.419393,93.5,2022-06-10 13:53:46+00:00,3.8153473202564014,46.882028880156284,1.0,3.8153473202564014,13.735250352923046,4.368322269949102
51.624018,0.419352,93.6,2022-06-10 13:53:47+00:00,3.0107246900028857,49.89275357015917,1.0,3.0107246900028857,10.83860888401039,5.535765764969593
51.624003,0.419307,93.8,2022-06-10 13:53:48+00:00,3.535078926701003,53.42783249686018,1.0,3.535078926701003,12.726284136123612,4.7146519249629
51.623995,0.419267,94.0,2022-06-10 13:53:49+00:00,2.909565140809023,56.3373976376692,1.0,2.909565140809023,10.474434506912482,5.728232866452474
51.623992,0.419251,94.1,2022-06-10 13:53:50+00:00,1.1572128735990803,57.49461051126828,1.0,1.1572128735990803,4.165966344956689,14.402420718697329
51.623982,0.419194,94.3,2022-06-10 13:53:51+00:00,4.101162651877413,61.595773163145694,1.0,4.101162651877413,14.764185546758688,4.063888238872231
51.623976,0.419158,94.4,2022-06-10 13:53:52+00:00,2.580898275985427,64.17667143913113,1.0,2.580898275985427,9.291233793547537,6.457699949566232
51.623973,0.419157,94.4,2022-06-10 13:53:53+00:00,0.34088900945871137,64.51756044858983,1.0,0.34088900945871137,1.227200434051361,48.8917688872728
51.623986,0.419191,94.5,2022-06-10 13:53:54+00:00,2.763332035638139,67.28089248422798,1.0,2.763332035638139,9.9479953282973,6.031365920461244
51.623989,0.419222,94.6,2022-06-10 13:53:55+00:00,2.1726026078895697,69.45349509211755,1.0,2.1726026078895697,7.821369388402451,7.671290923679959
51.623984,0.419242,94.7,2022-06-10 13:53:56+00:00,1.4925826166601686,70.94607770877772,1.0,1.4925826166601686,5.373297419976607,11.166327733308538
51.623983,0.419268,94.8,2022-06-10 13:53:57+00:00,1.803984607886503,72.75006231666423,1.0,1.803984607886503,6.494344588391411,9.238807578404373
51.62399,0.419294,94.9,2022-06-10 13:53:58+00:00,1.9617706171054017,74.71183293376963,1.0,1.9617706171054017,7.0623742215794465,8.495726524469196
51.624003,0.419314,94.9,2022-06-10 13:53:59+00:00,2.0025867736382503,76.71441970740788,1.0,2.0025867736382503,7.209312385097701,8.322569032245767
51.624005,0.419344,94.8,2022-06-10 13:54:00+00:00,2.089439918665228,78.80385962607312,1.0,2.089439918665228,7.521983707194821,7.976619245081541
51.623992,0.419362,94.7,2022-06-10 13:54:01+00:00,1.9094163274275793,80.7132759535007,1.0,1.9094163274275793,6.873898778739285,8.728670865154108
51.623986,0.419381,94.6,2022-06-10 13:54:02+00:00,1.4754431356345787,82.18871908913528,1.0,1.4754431356345787,5.311595288284484,11.29604134794286
51.623982,0.419416,94.4,2022-06-10 13:54:03+00:00,2.464336407884527,84.6530554970198,1.0,2.464336407884527,8.871611068384297,6.763145897346831
51.623985,0.419429,94.3,2022-06-10 13:54:04+00:00,0.9601587849307893,85.61321428195059,1.0,0.9601587849307893,3.4565716257508416,17.358240041378203
51.623988,0.419442,94.3,2022-06-10 13:54:05+00:00,0.9601587285191585,86.57337301046975,1.0,0.9601587285191585,3.4565714226689708,17.358241061216482
51.623988,0.419456,94.2,2022-06-10 13:54:06+00:00,0.9695270262832324,87.54290003675298,1.0,0.9695270262832324,3.4902972946196367,17.19051270861402
51.62399,0.419473,94.1,2022-06-10 13:54:07+00:00,1.1981277471139709,88.74102778386695,1.0,1.1981277471139709,4.313259889610295,13.910592344441602
51.623994,0.419494,94.0,2022-06-10 13:54:08+00:00,1.5208622247697927,90.26189000863674,1.0,1.5208622247697927,5.475104009171254,10.958695926049078
51.624016,0.419536,93.7,2022-06-10 13:54:09+00:00,3.8014723610603056,94.06336236969705,1.0,3.8014723610603056,13.685300499817101,4.384266169442306
51.624022,0.419548,93.6,2022-06-10 13:54:10+00:00,1.0659439493487601,95.12930631904581,1.0,1.0659439493487601,3.8373982176555366,15.635593857302899
51.624024,0.419563,93.5,2022-06-10 13:54:11+00:00,1.0623442886603405,96.19165060770615,1.0,1.0623442886603405,3.8244394391772256,15.688573699289158
51.624021,0.419583,93.4,2022-06-10 13:54:12+00:00,1.4246889223588035,97.61633953006495,1.0,1.4246889223588035,5.128880120491693,11.698460207771038
51.624018,0.419601,93.3,2022-06-10 13:54:13+00:00,1.2904480661244766,98.90678759618943,1.0,1.2904480661244766,4.645613038048116,12.915410626884539
51.624022,0.419633,93.0,2022-06-10 13:54:14+00:00,2.2603062154400577,101.16709381162948,1.0,2.2603062154400577,8.137102375584208,7.373632188779273
51.624026,0.419646,93.0,2022-06-10 13:54:15+00:00,1.0042685272132563,102.17136233884274,1.0,1.0042685272132563,3.615366697967723,16.595826927798864
51.62403,0.41966,92.9,2022-06-10 13:54:16+00:00,1.0667906588103138,103.23815299765306,1.0,1.0667906588103138,3.8404463717171295,15.623183919939226
51.624035,0.419673,92.8,2022-06-10 13:54:17+00:00,1.0582837320853817,104.29643672973845,1.0,1.0582837320853817,3.8098214355073745,15.748769598701541
51.624035,0.419687,92.7,2022-06-10 13:54:18+00:00,0.9695260245890043,105.26596275432745,1.0,0.9695260245890043,3.4902936885204157,17.19053046949606
51.62404,0.419706,92.6,2022-06-10 13:54:19+00:00,1.428552278334428,106.69451503266187,1.0,1.428552278334428,5.142788202003941,11.66682306236535
51.624052,0.419726,92.4,2022-06-10 13:54:20+00:00,1.9237668374131947,108.61828187007507,1.0,1.9237668374131947,6.925560614687501,8.663558567771968
51.624059,0.419747,92.2,2022-06-10 13:54:21+00:00,1.649702232814151,110.26798410288922,1.0,1.649702232814151,5.938928038130944,10.102833308430315
51.624063,0.419767,92.1,2022-06-10 13:54:22+00:00,1.4547807744109162,111.72276487730014,1.0,1.4547807744109162,5.237210787879299,11.456479876437392
51.624064,0.419797,91.9,2022-06-10 13:54:23+00:00,2.0805315158799296,113.80329639318006,1.0,2.0805315158799296,7.489913457167747,8.010773467960542
51.624062,0.419846,91.6,2022-06-10 13:54:24+00:00,3.40062713025823,117.20392352343829,1.0,3.40062713025823,12.242257668929629,4.901056784017678
51.624052,0.419887,91.3,2022-06-10 13:54:25+00:00,3.0495325454500133,120.25345606888831,1.0,3.0495325454500133,10.978317163620048,5.4653185097282515
51.624045,0.419908,91.1,2022-06-10 13:54:26+00:00,1.6497024301704073,121.90315849905872,1.0,1.6497024301704073,5.938928748613466,10.102832099813947
51.624059,0.419938,90.9,2022-06-10 13:54:27+00:00,2.596629697893044,124.49978819695177,1.0,2.596629697893044,9.347866912414958,6.418576618834147
51.624058,0.419954,90.8,2022-06-10 13:54:28+00:00,1.1136011291278705,125.61338932607964,1.0,1.1136011291278705,4.008964064860334,14.96645992063546
51.62407,0.419979,90.6,2022-06-10 13:54:29+00:00,2.186306350592154,127.79969567667179,1.0,2.186306350592154,7.870702862131755,7.623207361654762
51.624089,0.419994,90.3,2022-06-10 13:54:30+00:00,2.355380168467242,130.15507584513904,1.0,2.355380168467242,8.479368606482073,7.07599855420047
51.624093,0.420015,90.2,2022-06-10 13:54:31+00:00,1.5208592009029236,131.67593504604196,1.0,1.5208592009029236,5.475093123250525,10.958717714810012
51.6241,0.420045,90.0,2022-06-10 13:54:32+00:00,2.218735916823543,133.8946709628655,1.0,2.218735916823543,7.987449300564755,7.5117847691074155
51.62411,0.420088,89.7,2022-06-10 13:54:33+00:00,3.178887702578737,137.07355866544424,1.0,3.178887702578737,11.443995729283454,5.242924011800273
51.624122,0.420121,89.4,2022-06-10 13:54:34+00:00,2.646730279240006,139.72028894468426,1.0,2.646730279240006,9.528229005264022,6.297077869019736
51.624126,0.420129,89.3,2022-06-10 13:54:35+00:00,0.710628307267109,140.43091725195137,1.0,0.710628307267109,2.5582619061615923,23.45342353552213
51.624131,0.420137,89.3,2022-06-10 13:54:36+00:00,0.7851127449011984,141.21602999685257,1.0,0.7851127449011984,2.8264058816443143,21.22837359972301
51.624137,0.420148,89.2,2022-06-10 13:54:37+00:00,1.0128818538479343,142.2289118507005,1.0,1.0128818538479343,3.6463746738525633,16.454699630909634
51.624133,0.420163,89.0,2022-06-10 13:54:38+00:00,1.1300955983203247,143.35900744902085,1.0,1.1300955983203247,4.068344153953169,14.748014850636125
51.624135,0.420186,88.9,2022-06-10 13:54:39+00:00,1.6082577674497214,144.96726521647057,1.0,1.6082577674497214,5.789727962818997,10.363181203903443
51.62413,0.420206,88.7,2022-06-10 13:54:40+00:00,1.4925784958867654,146.45984371235733,1.0,1.4925784958867654,5.373282585192356,11.166358561775155
51.624127,0.42023,88.5,2022-06-10 13:54:41+00:00,1.6952257763521783,148.1550694887095,1.0,1.6952257763521783,6.102812794867842,9.831532117527344
51.624131,0.420251,88.4,2022-06-10 13:54:42+00:00,1.5208580396261073,149.67592752833562,1.0,1.5208580396261073,5.475088942653986,10.95872608252382
51.624126,0.420275,88.2,2022-06-10 13:54:43+00:00,1.752669890545768,151.4285974188814,1.0,1.752669890545768,6.309611605964765,9.509301641210254
51.624127,0.420295,88.2,2022-06-10 13:54:44+00:00,1.3894959877783766,152.81809340665978,1.0,1.3894959877783766,5.002185556002156,11.994756957387477
51.624131,0.420318,88.3,2022-06-10 13:54:45+00:00,1.6537955101032633,154.47188891676305,1.0,1.6537955101032633,5.9536638363717485,10.077827981057945
51.624134,0.420342,88.4,2022-06-10 13:54:46+00:00,1.6952256328248543,156.1671145495879,1.0,1.6952256328248543,6.102812278169475,9.831532949920076
51.624139,0.420367,88.4,2022-06-10 13:54:47+00:00,1.8184732352853918,157.98558778487327,1.0,1.8184732352853918,6.546503647027411,9.165197674218723
51.624148,0.420391,88.5,2022-06-10 13:54:48+00:00,1.9403774217475975,159.92596520662087,1.0,1.9403774217475975,6.9853587182913515,8.589394248700266
51.624155,0.420411,88.5,2022-06-10 13:54:49+00:00,1.58898739483227,161.51495260145313,1.0,1.58898739483227,5.720354621396172,10.488860214291355
51.624165,0.420444,88.6,2022-06-10 13:54:50+00:00,2.541751850779071,164.0567044522322,1.0,2.541751850779071,9.150306662804656,6.557157285656416
51.624168,0.420456,88.6,2022-06-10 13:54:51+00:00,0.8955465215611244,164.95225097379333,1.0,0.8955465215611244,3.2239674776200475,18.610609572368382
51.624172,0.420468,88.7,2022-06-10 13:54:52+00:00,0.9426851515672475,165.89493612536057,1.0,0.9426851515672475,3.393666545642091,17.679992772727715
51.624171,0.42045,88.7,2022-06-10 13:54:53+00:00,1.2514851877453022,167.14642131310586,1.0,1.2514851877453022,4.505346675883088,13.317510131057666
51.624171,0.420425,88.8,2022-06-10 13:54:54+00:00,1.7312912965709188,168.8777126096768,1.0,1.7312912965709188,6.232648667655308,9.626725843119232
51.624171,0.420399,88.8,2022-06-10 13:54:55+00:00,1.8005429484319098,170.6782555581087,1.0,1.8005429484319098,6.481954614354875,9.256467156854905
51.62417,0.420374,88.9,2022-06-10 13:54:56+00:00,1.7348626607585023,172.4131182188672,1.0,1.7348626607585023,6.245505578730608,9.606908398950615
51.62416,0.420325,89.0,2022-06-10 13:54:57+00:00,3.571075629197193,175.9841938480644,1.0,3.571075629197193,12.855872265109895,4.667127890095531
51.624156,0.420305,89.1,2022-06-10 13:54:58+00:00,1.454777965700408,177.4389718137648,1.0,1.454777965700408,5.23720067652147,11.456501995232268
51.624149,0.420222,89.3,2022-06-10 13:54:59+00:00,5.800413417940051,183.23938523170486,1.0,5.800413417940051,20.881488304584185,2.873358408405592
51.624142,0.42018,89.4,2022-06-10 13:55:00+00:00,3.0110377104313497,186.2504229421362,1.0,3.0110377104313497,10.839735757552859,5.535190279725545
51.624126,0.4201,89.6,2022-06-10 13:55:01+00:00,5.819114642070415,192.0695375842066,1.0,5.819114642070415,20.948812711453495,2.8641241308723795
51.624119,0.420057,89.9,2022-06-10 13:55:02+00:00,3.077986318120231,195.14752390232684,1.0,3.077986318120231,11.080750745232832,5.414795565707788
51.624096,0.419979,90.2,2022-06-10 13:55:03+00:00,5.977129565155451,201.1246534674823,1.0,5.977129565155451,21.517666434559626,2.788406455805715
51.624086,0.419931,90.4,2022-06-10 13:55:04+00:00,3.5053423780175694,204.62999584549985,1.0,3.5053423780175694,12.61923256086325,4.754647298131381
51.624092,0.419885,90.6,2022-06-10 13:55:05+00:00,3.2547763207083737,207.88477216620822,1.0,3.2547763207083737,11.717194754550146,5.120679587296282
51.624084,0.419835,90.7,2022-06-10 13:55:06+00:00,3.5751597468593186,211.45993191306755,1.0,3.5751597468593186,12.870575088693547,4.661796352263107
51.624063,0.419764,91.0,2022-06-10 13:55:07+00:00,5.443781076897844,216.90371298996538,1.0,5.443781076897844,19.59761187683224,3.0615975240804905
51.624057,0.419726,91.2,2022-06-10 13:55:08+00:00,2.714920690891418,219.61863368085682,1.0,2.714920690891418,9.773714487209105,6.138914747153931
51.624051,0.419681,91.3,2022-06-10 13:55:09+00:00,3.1870307903392967,222.8056644711961,1.0,3.1870307903392967,11.473310845221468,5.229527972301863
51.624053,0.419613,91.6,2022-06-10 13:55:10+00:00,4.714379095196919,227.52004356639304,1.0,4.714379095196919,16.97176474270891,3.5352835082030034
51.62405,0.41957,91.7,2022-06-10 13:55:11+00:00,2.9964769592445895,230.51652052563765,1.0,2.9964769592445895,10.787317053280523,5.5620873757255005
51.624048,0.419482,92.1,2022-06-10 13:55:12+00:00,6.0982228760471715,236.61474340168482,1.0,6.0982228760471715,21.953602353769817,2.733036657635231
51.624038,0.419436,92.2,2022-06-10 13:55:13+00:00,3.374290245594461,239.98903364727929,1.0,3.374290245594461,12.147444884140059,4.939310330054443
51.624026,0.419385,92.4,2022-06-10 13:55:14+00:00,3.7757755679856184,243.7648092152649,1.0,3.7757755679856184,13.592792044748226,4.414104166566859
51.624017,0.419328,92.6,2022-06-10 13:55:15+00:00,4.072384273952275,247.83719348921719,1.0,4.072384273952275,14.66058338622819,4.092606577741142
51.624005,0.419277,92.8,2022-06-10 13:55:16+00:00,3.7757770931268246,251.61297058234402,1.0,3.7757770931268246,13.592797535256569,4.414102383587624
51.624001,0.419259,92.9,2022-06-10 13:55:17+00:00,1.3235970533434478,252.93656763568745,1.0,1.3235970533434478,4.764949392036412,12.591949056222317
51.624001,0.419262,92.9,2022-06-10 13:55:18+00:00,0.20775573197763675,253.1443233676651,1.0,0.20775573197763675,0.7479206351194924,80.22241556473975
51.624003,0.419277,93.0,2022-06-10 13:55:19+00:00,1.062344757319182,254.20666812498428,1.0,1.062344757319182,3.8244411263490554,15.688566778194359
51.624005,0.419291,93.0,2022-06-10 13:55:20+00:00,0.9947347980630802,255.20140292304737,1.0,0.9947347980630802,3.5810452730270885,16.754884517078857
51.624007,0.419305,93.1,2022-06-10 13:55:21+00:00,0.9947347573355623,256.19613768038295,1.0,0.9947347573355623,3.581045126408024,16.754885203075656
51.62401,0.41932,93.1,2022-06-10 13:55:22+00:00,1.0910867212525857,257.2872244016355,1.0,1.0910867212525857,3.9279121965093085,15.275290535598359
51.624016,0.41933,93.2,2022-06-10 13:55:23+00:00,0.9618837779189375,258.24910817955447,1.0,0.9618837779189375,3.4627816005081753,17.327110664788908
51.624019,0.419348,93.2,2022-06-10 13:55:24+00:00,1.2904481197246667,259.5395562992791,1.0,1.2904481197246667,4.6456132310088005,12.91541009042867
51.624019,0.419369,93.3,2022-06-10 13:55:25+00:00,1.4542895483889315,260.99384584766807,1.0,1.4542895483889315,5.2354423742001535,11.460349615473806
51.624018,0.419402,93.4,2022-06-10 13:55:26+00:00,2.288018915542427,263.2818647632105,1.0,2.288018915542427,8.236868095952737,7.284322062833757
51.624017,0.419418,93.5,2022-06-10 13:55:27+00:00,1.1136021219898047,264.3954668852003,1.0,1.1136021219898047,4.008967639163297,14.966446576885433
51.624017,0.419434,93.5,2022-06-10 13:55:28+00:00,1.1080301808179047,265.50349706601816,1.0,1.1080301808179047,3.988908650944457,15.041708209034509
51.624016,0.419455,93.6,2022-06-10 13:55:29+00:00,1.4585393909626254,266.9620364569808,1.0,1.4585393909626254,5.2507418074654515,11.42695683773531
51.624009,0.419481,93.7,2022-06-10 13:55:30+00:00,1.9617696730802547,268.92380613006105,1.0,1.9617696730802547,7.0623708230889175,8.495730612706257
51.624009,0.4195,93.7,2022-06-10 13:55:31+00:00,1.3157860711174318,270.2395922011785,1.0,1.3157860711174318,4.736829856022755,12.666699422127559
51.62401,0.419511,93.8,2022-06-10 13:55:32+00:00,0.7698530360431936,271.00944523722166,1.0,0.7698530360431936,2.771470929755497,21.649153651881633
51.624011,0.419524,93.8,2022-06-10 13:55:33+00:00,0.9071236282474237,271.91656886546906,1.0,0.9071236282474237,3.265645061690725,18.373092870336666
51.624013,0.419539,93.7,2022-06-10 13:55:34+00:00,1.06234453427427,272.9789133997433,1.0,1.06234453427427,3.8244403233873716,15.688570072092793
51.624013,0.419561,93.6,2022-06-10 13:55:35+00:00,1.5235416325945805,274.5024550323379,1.0,1.5235416325945805,5.48474987734049,10.939423190086018
51.624012,0.41958,93.4,2022-06-10 13:55:36+00:00,1.3204815600378217,275.8229365923757,1.0,1.3204815600378217,4.7537336161361585,12.621658015572207
51.624015,0.419614,93.2,2022-06-10 13:55:37+00:00,2.3781048339334956,278.2010414263092,1.0,2.3781048339334956,8.561177402160585,7.008381812629861
51.624016,0.419626,93.1,2022-06-10 13:55:38+00:00,0.8384375338746651,279.0394789601838,1.0,0.8384375338746651,3.0183751219487944,19.878244941689484
51.624016,0.419639,93.0,2022-06-10 13:55:39+00:00,0.9002745417059865,279.9397535018898,1.0,0.9002745417059865,3.2409883501415515,18.512871234905695
51.624016,0.41965,93.0,2022-06-10 13:55:40+00:00,0.7617707660624606,280.70152426795227,1.0,0.7617707660624606,2.7423747578248583,21.87884782296844
51.624014,0.419679,92.8,2022-06-10 13:55:41+00:00,2.020594828415791,282.72211909636803,1.0,2.020594828415791,7.274141382296848,8.248396181303626
51.624015,0.419688,92.7,2022-06-10 13:55:42+00:00,0.63311973504122,283.3552388314093,1.0,0.63311973504122,2.279231046148392,26.324667743269075
51.624019,0.419698,92.6,2022-06-10 13:55:43+00:00,0.8231911592336522,284.17842999064294,1.0,0.8231911592336522,2.963488173241148,20.246411152158704
51.624024,0.41971,92.5,2022-06-10 13:55:44+00:00,1.000034639155679,285.1784646297986,1.0,1.000034639155679,3.600124700960444,16.66608936740251
51.624027,0.419732,92.4,2022-06-10 13:55:45+00:00,1.5596753880019019,286.7381400178005,1.0,1.5596753880019019,5.614831396806847,10.685984272675041
51.624027,0.419754,92.2,2022-06-10 13:55:46+00:00,1.5235411637181755,288.26168118151867,1.0,1.5235411637181755,5.4847481893854315,10.939426556740981
51.624031,0.419775,92.1,2022-06-10 13:55:47+00:00,1.5208610946983896,289.78254227621704,1.0,1.5208610946983896,5.475099940914203,10.958704068876143
51.624036,0.419808,91.8,2022-06-10 13:55:48+00:00,2.3520457216528,292.13458799786986,1.0,2.3520457216528,8.46736459795008,7.086030051726578
51.624039,0.419822,91.7,2022-06-10 13:55:49+00:00,1.0253731493837812,293.1599611472536,1.0,1.0253731493837812,3.6913433377816123,16.254245273228424
51.624042,0.419837,91.6,2022-06-10 13:55:50+00:00,1.0910860271868443,294.2510471744405,1.0,1.0910860271868443,3.9279096978726398,15.275300252573544
51.624044,0.419877,91.3,2022-06-10 13:55:51+00:00,2.778997043256568,297.0300442176971,1.0,2.778997043256568,10.004389355723646,5.997367542045252
51.624045,0.419889,91.2,2022-06-10 13:55:52+00:00,0.8384370087544163,297.8684812264515,1.0,0.8384370087544163,3.018373231515899,19.878257391603814
51.624047,0.419901,91.2,2022-06-10 13:55:53+00:00,0.8602982430616208,298.7287794695131,1.0,0.8602982430616208,3.0970736750218353,19.37312647222607
51.624051,0.419936,90.9,2022-06-10 13:55:54+00:00,2.464333002504341,301.19311247201745,1.0,2.464333002504341,8.871598809015628,6.763155243114229
51.624054,0.419947,90.8,2022-06-10 13:55:55+00:00,0.8316869944560773,302.0247994664735,1.0,0.8316869944560773,2.9940731800418785,20.039590348009053
51.624058,0.419959,90.7,2022-06-10 13:55:56+00:00,0.9426869816701594,302.96748644814363,1.0,0.9426869816701594,3.393673134012574,17.679958449344785
51.624058,0.41998,90.6,2022-06-10 13:55:57+00:00,1.4542883016036219,304.42177474974727,1.0,1.4542883016036219,5.235437885773039,11.460359440620257
51.62406,0.420009,90.4,2022-06-10 13:55:58+00:00,2.020592898157834,306.4423676479051,1.0,2.020592898157834,7.274134433368203,8.248404060937556
51.624065,0.420041,90.1,2022-06-10 13:55:59+00:00,2.2848160757610794,308.72718372366614,1.0,2.2848160757610794,8.225337872739885,7.294533176424254
51.624068,0.420055,90.0,2022-06-10 13:56:00+00:00,1.0253725653461618,309.7525562890123,1.0,1.0253725653461618,3.6913412352461825,16.254254531415185
51.62407,0.420069,89.9,2022-06-10 13:56:01+00:00,0.9947334494160647,310.7472897384284,1.0,0.9947334494160647,3.581040417897833,16.754907233139136
51.62408,0.420087,89.8,2022-06-10 13:56:02+00:00,1.6708459326488754,312.41813567107727,1.0,1.6708459326488754,6.015045357535952,9.974987125380357
51.624086,0.420109,89.6,2022-06-10 13:56:03+00:00,1.663373054065738,314.081508725143,1.0,1.663373054065738,5.988142994636657,10.019800805314707
51.62409,0.420126,89.4,2022-06-10 13:56:04+00:00,1.258590502435881,315.3400992275789,1.0,1.258590502435881,4.5309258087691715,13.242326741231508
51.624089,0.420143,89.3,2022-06-10 13:56:05+00:00,1.182525889732803,316.5226251173117,1.0,1.182525889732803,4.2570932030380915,14.094124121403016
51.62409,0.420158,89.3,2022-06-10 13:56:06+00:00,1.044718018269589,317.56734313558127,1.0,1.044718018269589,3.7609848657705203,15.95326813092817
51.624091,0.42018,89.3,2022-06-10 13:56:07+00:00,1.527596160423017,319.09493929600427,1.0,1.527596160423017,5.499346177522861,10.910387901244388
51.624093,0.420201,89.3,2022-06-10 13:56:08+00:00,1.4712126396132978,320.56615193561754,1.0,1.4712126396132978,5.296365502607872,11.328523299696114
51.624104,0.420236,89.3,2022-06-10 13:56:09+00:00,2.7152719449232725,323.2814238805408,1.0,2.7152719449232725,9.774979001723782,6.138120602552622
51.624112,0.420244,89.3,2022-06-10 13:56:10+00:00,1.048416305036182,324.329840185577,1.0,1.048416305036182,3.7742986981302558,15.896993004216469
51.624109,0.420266,89.3,2022-06-10 13:56:11+00:00,1.5596726085063153,325.8895127940833,1.0,1.5596726085063153,5.614821390622735,10.68600331618838
51.624112,0.420289,89.3,2022-06-10 13:56:12+00:00,1.6273874239490458,327.5169002180324,1.0,1.6273874239490458,5.858594726216565,10.241363808885195
51.624115,0.420324,89.3,2022-06-10 13:56:13+00:00,2.446685240534957,329.96358545856737,1.0,2.446685240534957,8.808066865925845,6.811937387999518
51.624117,0.420339,89.3,2022-06-10 13:56:14+00:00,1.0623422131952545,331.02592767176264,1.0,1.0623422131952545,3.824431967502916,15.68860434956979
51.624118,0.420354,89.3,2022-06-10 13:56:15+00:00,1.0447173830198742,332.0706450547825,1.0,1.0447173830198742,3.760982578871547,15.953277831455024
51.624127,0.420359,89.3,2022-06-10 13:56:16+00:00,1.0595189698309646,333.13016402461346,1.0,1.0595189698309646,3.8142682913914725,15.730408932013425
51.624127,0.420343,89.3,2022-06-10 13:56:17+00:00,1.1080275015222094,334.23819152613567,1.0,1.1080275015222094,3.988899005479954,15.041744581041518
51.624128,0.420326,89.3,2022-06-10 13:56:18+00:00,1.18252491062038,335.42071643675604,1.0,1.18252491062038,4.257089678233368,14.094135791120838
51.624128,0.42031,89.3,2022-06-10 13:56:19+00:00,1.1080274771649565,336.528743913921,1.0,1.1080274771649565,3.9888989177938434,15.041744911697197
51.624129,0.420294,89.3,2022-06-10 13:56:20+00:00,1.1135994321499934,337.642343346071,1.0,1.1135994321499934,4.008957955739977,14.966482727535903
51.624126,0.420277,89.4,2022-06-10 13:56:21+00:00,1.2236812586952708,338.86602460476627,1.0,1.2236812586952708,4.405252531302975,13.620104539671724
51.624126,0.420246,89.4,2022-06-10 13:56:22+00:00,2.1468033313969714,341.01282793616326,1.0,2.1468033313969714,7.728491993029097,7.7634809034050205
51.624111,0.420196,89.4,2022-06-10 13:56:23+00:00,3.8437928047433005,344.8566207409066,1.0,3.8437928047433005,13.837654097075882,4.3359950739539705
51.624102,0.420185,89.4,2022-06-10 13:56:24+00:00,1.2581644536455339,346.1147851945521,1.0,1.2581644536455339,4.529392033123922,13.246810954144323
51.624105,0.420131,89.4,2022-06-10 13:56:25+00:00,3.7544611302150503,349.8692463247672,1.0,3.7544611302150503,13.516060068774182,4.439163461445137
51.624104,0.420066,89.9,2022-06-10 13:56:26+00:00,4.502738750439765,354.37198507520696,1.0,4.502738750439765,16.209859501583157,3.7014509591609985
51.624098,0.420005,90.2,2022-06-10 13:56:27+00:00,4.276778256352928,358.6487633315599,1.0,4.276778256352928,15.396401722870543,3.8970144505175623
51.624097,0.419956,90.4,2022-06-10 13:56:28+00:00,3.395159925269475,362.0439232568294,1.0,3.395159925269475,12.22257573097011,4.908948925386431
51.624081,0.4199,90.7,2022-06-10 13:56:29+00:00,4.26715791859807,366.31108117542743,1.0,4.26715791859807,15.361768506953052,3.905800297201638
51.624068,0.419834,91.1,2022-06-10 13:56:30+00:00,4.794014818347542,371.10509599377497,1.0,4.794014818347542,17.25845334605115,3.4765571860312963
51.624064,0.419799,91.3,2022-06-10 13:56:31+00:00,2.4643321115287495,373.5694281053037,1.0,2.4643321115287495,8.871595601503499,6.763157688322899
51.624059,0.419746,91.5,2022-06-10 13:56:32+00:00,3.7122652616307836,377.28169336693446,1.0,3.7122652616307836,13.36415494187082,4.489621697816138
51.624056,0.419724,91.6,2022-06-10 13:56:33+00:00,1.5596743415478265,378.84136770848227,1.0,1.5596743415478265,5.614827629572176,10.68599144237162
51.624043,0.419666,92.0,2022-06-10 13:56:34+00:00,4.2690924857747765,383.11046019425703,1.0,4.2690924857747765,15.368732948789196,3.904030358255852
51.624037,0.419602,92.3,2022-06-10 13:56:35+00:00,4.482110238328188,387.5925704325852,1.0,4.482110238328188,16.135596857981476,3.7184865566544563
51.624034,0.419567,92.5,2022-06-10 13:56:36+00:00,2.446689356843586,390.0392597894288,1.0,2.446689356843586,8.80808168463691,6.811925927600357
51.624026,0.419523,92.7,2022-06-10 13:56:37+00:00,3.1744219507441676,393.21368174017294,1.0,3.1744219507441676,11.427919022679003,5.250299716066279
51.624009,0.419458,93.0,2022-06-10 13:56:38+00:00,4.882605584191635,398.0962873243646,1.0,4.882605584191635,17.577380103089887,3.413477984096887
51.624002,0.419427,93.2,2022-06-10 13:56:39+00:00,2.2837144562340335,400.3800017805986,1.0,2.2837144562340335,8.221372042442521,7.298051917642491
51.624004,0.419357,93.5,2022-06-10 13:56:40+00:00,4.852738010243508,405.2327397908421,1.0,4.852738010243508,17.46985683687663,3.4344872176254864
51.624002,0.419328,93.6,2022-06-10 13:56:41+00:00,2.020595354865771,407.25333514570787,1.0,2.020595354865771,7.274143277516776,8.248394032249886
51.624002,0.419309,93.7,2022-06-10 13:56:42+00:00,1.3157862735867478,408.5691214192946,1.0,1.3157862735867478,4.736830584912292,12.666697473013164
51.624001,0.419323,93.8,2022-06-10 13:56:43+00:00,0.9758898140743656,409.545011233369,1.0,0.9758898140743656,3.513203330667716,17.078430808784542
51.624002,0.419352,93.9,2022-06-10 13:56:44+00:00,2.0113849355422704,411.55639616891125,1.0,2.0113849355422704,7.240985767952173,8.286164608353957
51.624006,0.419362,94.0,2022-06-10 13:56:45+00:00,0.823191324460536,412.3795874933718,1.0,0.823191324460536,2.9634887680579296,20.246407088399376
51.624007,0.419369,94.0,2022-06-10 13:56:46+00:00,0.4973673732897179,412.8769548666615,1.0,0.4973673732897179,1.7905225438429846,33.50977076849447
51.624007,0.419376,94.0,2022-06-10 13:56:47+00:00,0.4847633106742456,413.3617181773357,1.0,0.4847633106742456,1.7451479184272842,34.38103977688699
51.624014,0.419424,94.2,2022-06-10 13:56:48+00:00,3.4141095246598177,416.7758277019955,1.0,3.4141095246598177,12.290794288775343,4.881702401837075
51.624014,0.419441,94.3,2022-06-10 13:56:49+00:00,1.1772821447598067,417.95310984675535,1.0,1.1772821447598067,4.238215721135305,14.156900910161223
51.624012,0.419481,94.0,2022-06-10 13:56:50+00:00,2.778998864126892,420.73210871088224,1.0,2.778998864126892,10.004395910856811,5.997363612418393
51.624014,0.419493,94.0,2022-06-10 13:56:51+00:00,0.860298826116622,421.59240753699885,1.0,0.860298826116622,3.097075774019839,19.37311334237173
51.624017,0.419504,93.9,2022-06-10 13:56:52+00:00,0.8316875605788446,422.4240950975777,1.0,0.8316875605788446,2.994075218083841,20.03957670722749
51.624015,0.419521,93.8,2022-06-10 13:56:53+00:00,1.19812706085791,423.62222215843565,1.0,1.19812706085791,4.313257419088476,13.91060031206759
51.624013,0.419536,93.7,2022-06-10 13:56:54+00:00,1.06234449001882,424.68456664845445,1.0,1.06234449001882,3.824440164067752,15.688570725651722
51.624018,0.419553,93.6,2022-06-10 13:56:55+00:00,1.3020998236986128,425.98666647215305,1.0,1.3020998236986128,4.687559365315006,12.79983789516615
51.624018,0.419567,93.5,2022-06-10 13:56:56+00:00,0.9695263869064679,426.9561928590595,1.0,0.9695263869064679,3.4902949928632845,17.19052404529814
51.624017,0.419591,93.4,2022-06-10 13:56:57+00:00,1.6657650658446073,428.6219579249041,1.0,1.6657650658446073,5.996754237040586,10.005412532898822
51.624019,0.419609,93.2,2022-06-10 13:56:58+00:00,1.2662393757468862,429.888197300651,1.0,1.2662393757468862,4.558461752688791,13.162334852235897
51.62402,0.419633,93.1,2022-06-10 13:56:59+00:00,1.6657649927958715,431.55396229344683,1.0,1.6657649927958715,5.996753974065138,10.005412971665839
51.624021,0.419659,92.9,2022-06-10 13:57:00+00:00,1.803983146251809,433.35794543969865,1.0,1.803983146251809,6.494339326506513,9.238815063929787
51.624024,0.419689,92.7,2022-06-10 13:57:01+00:00,2.1041981427403793,435.462143582439,1.0,2.1041981427403793,7.575113313865366,7.920673594436794
51.624025,0.419703,92.6,2022-06-10 13:57:02+00:00,0.9758893267708544,436.4380329092099,1.0,0.9758893267708544,3.5132015763750757,17.078439336779542
51.624027,0.419717,92.5,2022-06-10 13:57:03+00:00,0.9947343426393443,437.4327672518492,1.0,0.9947343426393443,3.58104363350164,16.75489218804363
51.624027,0.419736,92.4,2022-06-10 13:57:04+00:00,1.3157855504819576,438.7485528023312,1.0,1.3157855504819576,4.736827981735047,12.66670443413963
51.624029,0.419755,92.2,2022-06-10 13:57:05+00:00,1.3344687582725965,440.08302156060375,1.0,1.3344687582725965,4.804087529781348,12.489364448097563
51.624036,0.419772,92.1,2022-06-10 13:57:06+00:00,1.411578860424388,441.49460042102817,1.0,1.411578860424388,5.081683897527797,11.807109849786126
51.624043,0.419775,92.0,2022-06-10 13:57:07+00:00,0.8060552920754527,442.3006557131036,1.0,0.8060552920754527,2.9017990514716296,20.67682804209732
51.624051,0.419799,91.8,2022-06-10 13:57:08+00:00,1.8853742547962569,444.18602996789986,1.0,1.8853742547962569,6.787347317266525,8.839977858119077
51.624049,0.419811,91.7,2022-06-10 13:57:09+00:00,0.8602981725389042,445.04632814043873,1.0,0.8602981725389042,3.0970734211400552,19.373128060333023
51.624052,0.419823,91.6,2022-06-10 13:57:10+00:00,0.8955484862352863,445.941876626674,1.0,0.8955484862352863,3.2239745504470307,18.6105687439997
51.624057,0.419853,91.4,2022-06-10 13:57:11+00:00,2.1507452344139413,448.09262186108793,1.0,2.1507452344139413,7.742682843890189,7.749251933694594
51.624058,0.419878,91.3,2022-06-10 13:57:12+00:00,1.7348669522873625,449.8274888133753,1.0,1.7348669522873625,6.2455210282345055,9.606884634405098
51.624063,0.419909,91.0,2022-06-10 13:57:13+00:00,2.2177124730817894,452.0452012864571,1.0,2.2177124730817894,7.983764903094442,7.515251354250736
51.624063,0.41994,90.8,2022-06-10 13:57:14+00:00,2.146806304502733,454.1920075909598,1.0,2.146806304502733,7.728502696209839,7.7634701517830615
51.624064,0.419954,90.7,2022-06-10 13:57:15+00:00,0.9758885011695035,455.1678960921293,1.0,0.9758885011695035,3.513198604210213,17.0784537851336
51.624065,0.419969,90.6,2022-06-10 13:57:16+00:00,1.0447185859839319,456.21261467811325,1.0,1.0447185859839319,3.760986909542155,15.95325946170446
51.624071,0.419987,90.5,2022-06-10 13:57:17+00:00,1.414030185112885,457.62664486322615,1.0,1.414030185112885,5.090508666406386,11.786641361786865
51.624074,0.420014,90.3,2022-06-10 13:57:18+00:00,1.899356858213132,459.5260017214393,1.0,1.899356858213132,6.837684689567275,8.774900090310705
51.624079,0.420047,90.0,2022-06-10 13:57:19+00:00,2.352043622985114,461.8780453444244,1.0,2.352043622985114,8.46735704274641,7.086036374407903
51.624084,0.420062,89.9,2022-06-10 13:57:20+00:00,1.1783582163495478,463.0564035607739,1.0,1.1783582163495478,4.242089578858373,14.143972889923543
51.624088,0.420076,89.8,2022-06-10 13:57:21+00:00,1.0667895375463203,464.1231930983202,1.0,1.0667895375463203,3.8404423351667534,15.623200340904164
51.624095,0.420109,89.6,2022-06-10 13:57:22+00:00,2.4143731557536805,466.5375662540739,1.0,2.4143731557536805,8.69174336071325,6.903103038131623
51.624094,0.420123,89.5,2022-06-10 13:57:23+00:00,0.9758878448494251,467.5134540989233,1.0,0.9758878448494251,3.5131962414579307,17.078465271015087
51.624094,0.420138,89.3,2022-06-10 13:57:24+00:00,1.038776536231074,468.5522306351544,1.0,1.038776536231074,3.739595530431866,16.044515914016756
51.624096,0.42015,89.2,2022-06-10 13:57:25+00:00,0.8602973789746818,469.41252801412907,1.0,0.8602973789746818,3.0970705643088547,19.37314593069004
51.624098,0.420163,89.1,2022-06-10 13:57:26+00:00,0.9273654582139698,470.339893472343,1.0,0.9273654582139698,3.338515649570291,17.9720589321553
51.6241,0.420193,88.9,2022-06-10 13:57:27+00:00,2.089435605397897,472.42932907774093,1.0,2.089435605397897,7.52196817943243,7.976635711390006
51.624104,0.420223,88.7,2022-06-10 13:57:28+00:00,2.124685050739422,474.55401412848033,1.0,2.124685050739422,7.648866182661919,7.844299869699002
51.624107,0.420236,88.6,2022-06-10 13:57:29+00:00,0.9601565236368876,475.51417065211723,1.0,0.9601565236368876,3.4565634850927958,17.35828092229853
51.624111,0.42025,88.4,2022-06-10 13:57:30+00:00,1.0667890930594113,476.58095974517664,1.0,1.0667890930594113,3.8404407350138805,15.62320685044581
51.624116,0.42027,88.3,2022-06-10 13:57:31+00:00,1.4925790317386305,478.07353877691526,1.0,1.4925790317386305,5.37328451425907,11.166354552932786
51.624123,0.420293,88.1,2022-06-10 13:57:32+00:00,1.7730036972519554,479.8465424741672,1.0,1.7730036972519554,6.382813310107039,9.400243604961995
51.624124,0.420326,88.1,2022-06-10 13:57:33+00:00,2.28801364711293,482.1345561212801,1.0,2.28801364711293,8.236849129606549,7.284338835870608
51.624127,0.42034,88.2,2022-06-10 13:57:34+00:00,1.0253713782327694,483.1599274995129,1.0,1.0253713782327694,3.69133696163797,16.254273349614763
51.624131,0.420354,88.2,2022-06-10 13:57:35+00:00,1.0667887053182148,484.2267162048311,1.0,1.0667887053182148,3.8404393391455733,15.623212528946986
51.624131,0.42038,88.3,2022-06-10 13:57:36+00:00,1.8005445316538427,486.02726073648495,1.0,1.8005445316538427,6.4819603139538335,9.256459017627263
51.624137,0.420409,88.4,2022-06-10 13:57:37+00:00,2.1163423620114243,488.1436030984964,1.0,2.1163423620114243,7.618832503241128,7.875222348630896
51.624149,0.420441,88.5,2022-06-10 13:57:38+00:00,2.5871699162163804,490.7307730147128,1.0,2.5871699162163804,9.31381169837897,6.442045635348495
51.624153,0.420449,88.5,2022-06-10 13:57:39+00:00,0.7106280523578261,491.4414010670706,1.0,0.7106280523578261,2.558260988488174,23.453431948496196
51.624157,0.420458,88.5,2022-06-10 13:57:40+00:00,0.7658463842358346,492.20724745130644,1.0,0.7658463842358346,2.7570469832490048,21.76241477368435
51.624146,0.420445,88.6,2022-06-10 13:57:41+00:00,1.519318310857475,493.72656576216394,1.0,1.519318310857475,5.469545919086911,10.969832027667927
51.624136,0.42043,88.6,2022-06-10 13:57:42+00:00,1.5221490372732065,495.24871479943715,1.0,1.5221490372732065,5.479736534183544,10.949431533014339
51.624126,0.420415,88.7,2022-06-10 13:57:43+00:00,1.5221491916325556,496.7708639910697,1.0,1.5221491916325556,5.4797370898772,10.949430422645438
51.624139,0.420368,88.8,2022-06-10 13:57:44+00:00,3.5617332199070346,500.3325972109767,1.0,3.5617332199070346,12.822239591665324,4.679369744346458
51.624145,0.420311,88.9,2022-06-10 13:57:45+00:00,4.003396522810215,504.3359937337869,1.0,4.003396522810215,14.412227482116775,4.163131623786137
51.624134,0.420286,89.0,2022-06-10 13:57:46+00:00,2.1201915977239745,506.4561853315109,1.0,2.1201915977239745,7.632689751806308,7.860924778948436
51.624134,0.420257,89.1,2022-06-10 13:57:47+00:00,2.008299537481388,508.46448486899226,1.0,2.008299537481388,7.229878334932996,8.298894838948359
51.624117,0.420213,89.2,2022-06-10 13:57:48+00:00,3.5863843923450833,512.0508692613373,1.0,3.5863843923450833,12.9109838124423,4.6472058885379495
51.624117,0.420199,89.2,2022-06-10 13:57:49+00:00,0.9695242769612409,513.0203935382985,1.0,0.9695242769612409,3.490287397060467,17.190561456495594
51.624115,0.42014,89.4,2022-06-10 13:57:50+00:00,4.0919072767991445,517.1123008150977,1.0,4.0919072767991445,14.73086619647692,4.073080238441769
51.624116,0.420118,89.4,2022-06-10 13:57:51+00:00,1.527595325414481,518.6398961405122,1.0,1.527595325414481,5.499343171492131,10.91039386504048
51.624119,0.420064,89.8,2022-06-10 13:57:52+00:00,3.7544599845505386,522.3943561250627,1.0,3.7544599845505386,13.51605594438194,4.439164816045283
51.624103,0.41999,90.2,2022-06-10 13:57:53+00:00,5.425016440996221,527.819372566059,1.0,5.425016440996221,19.530059187586396,3.0721873100178274
51.624094,0.419927,90.5,2022-06-10 13:57:54+00:00,4.476297765743122,532.2956703318021,1.0,4.476297765743122,16.114671956675238,3.7233150113953135
51.62409,0.419897,90.6,2022-06-10 13:57:55+00:00,2.124685496652142,534.4203558284541,1.0,2.124685496652142,7.648867787947712,7.8442982233974226
51.624087,0.419835,90.9,2022-06-10 13:57:56+00:00,4.306564530681359,538.7269203591355,1.0,4.306564530681359,15.503632310452893,3.870060821782175
51.624081,0.41979,91.1,2022-06-10 13:57:57+00:00,3.187028781699352,541.9139491408349,1.0,3.187028781699352,11.473303614117668,5.229531268236571
51.624064,0.419722,91.5,2022-06-10 13:57:58+00:00,5.074772643889117,546.988721784724,1.0,5.074772643889117,18.269181518000824,3.284219380100928
51.624056,0.419662,91.8,2022-06-10 13:57:59+00:00,4.249373850927537,551.2380956356516,1.0,4.249373850927537,15.297745863339133,3.9221464741278838
51.62405,0.41963,91.9,2022-06-10 13:58:00+00:00,2.314422974713917,553.5525186103655,1.0,2.314422974713917,8.331922708970103,7.201218985793558
51.624044,0.41957,92.2,2022-06-10 13:58:01+00:00,4.208394075895269,557.7609126862608,1.0,4.208394075895269,15.150218673222968,3.9603388765632883
51.624044,0.419501,92.5,2022-06-10 13:58:02+00:00,4.77837731869412,562.5392900049549,1.0,4.77837731869412,17.20215834729883,3.487934408499472
51.62404,0.419468,92.7,2022-06-10 13:58:03+00:00,2.328241319137328,564.8675313240922,1.0,2.328241319137328,8.38166874889438,7.158479032938942
51.624038,0.419412,92.9,2022-06-10 13:58:04+00:00,3.8844824727199363,568.7520137968121,1.0,3.8844824727199363,13.984136901791771,4.290575844713897
51.624036,0.419391,93.0,2022-06-10 13:58:05+00:00,1.4712143775282345,570.2232281743403,1.0,1.4712143775282345,5.296371759101644,11.32850991754722
51.624024,0.419331,93.3,2022-06-10 13:58:06+00:00,4.364345017355897,574.5875731916962,1.0,4.364345017355897,15.71164206248123,3.8188242681061064
51.624005,0.419283,93.5,2022-06-10 13:58:07+00:00,3.939332102341519,578.5269052940376,1.0,3.939332102341519,14.181595568429469,4.2308356426106055
51.623999,0.419272,93.6,2022-06-10 13:58:08+00:00,1.0128835063593646,579.539788800397,1.0,1.0128835063593646,3.646380622893713,16.454672785197314
51.623999,0.419292,93.7,2022-06-10 13:58:09+00:00,1.3850382740644493,580.9248270744614,1.0,1.3850382740644493,4.986137786632018,12.033361805777162
51.624001,0.419304,93.7,2022-06-10 13:58:10+00:00,0.8602990539024734,581.7851261283639,1.0,0.8602990539024734,3.0970765940489042,19.373108212851832
51.624003,0.419317,93.8,2022-06-10 13:58:11+00:00,0.9273672823497178,582.7124934107136,1.0,0.9273672823497178,3.338522216458984,17.972023581031976
51.624006,0.41933,93.8,2022-06-10 13:58:12+00:00,0.9601583953554732,583.6726518060691,1.0,0.9601583953554732,3.4565702232797038,17.358247084322244
51.624005,0.41937,94.0,2022-06-10 13:58:13+00:00,2.7723096366787985,586.4449614427479,1.0,2.7723096366787985,9.980314692043676,6.011834481314713
51.624005,0.419387,94.0,2022-06-10 13:58:14+00:00,1.1772823776756496,587.6222438204235,1.0,1.1772823776756496,4.238216559632338,14.156898109332325
51.624005,0.419404,94.1,2022-06-10 13:58:15+00:00,1.1772823776756496,588.7995261980991,1.0,1.1772823776756496,4.238216559632338,14.156898109332325
51.624002,0.419422,94.2,2022-06-10 13:58:16+00:00,1.2904484899714461,590.0899746880706,1.0,1.2904484899714461,4.645614563897206,12.915406384826294
51.624002,0.419433,94.2,2022-06-10 13:58:17+00:00,0.7617710004967828,590.8517456885673,1.0,0.7617710004967828,2.742375601788418,21.878841089773218
51.624001,0.419449,94.3,2022-06-10 13:58:18+00:00,1.1136025104614307,591.9653481990288,1.0,1.1136025104614307,4.00896903766115,14.966441355956258
51.624001,0.419481,94.1,2022-06-10 13:58:19+00:00,2.216061141070429,594.1814093400992,1.0,2.216061141070429,7.977820107853544,7.520851459277035
51.624,0.419497,94.0,2022-06-10 13:58:20+00:00,1.1136025340005544,595.2950118740997,1.0,1.1136025340005544,4.008969122401996,14.966441039598397
51.623999,0.419512,93.9,2022-06-10 13:58:21+00:00,1.0447200610332574,596.3397319351329,1.0,1.0447200610332574,3.7609922197197267,15.953236937158904
51.624002,0.419547,93.7,2022-06-10 13:58:22+00:00,2.4466912040157305,598.7864231391486,1.0,2.4466912040157305,8.80808833445663,6.811920784818219
51.624006,0.419562,93.6,2022-06-10 13:58:23+00:00,1.1300983444018873,599.9165214835505,1.0,1.1300983444018873,4.068354039846795,14.747979013709307
51.624009,0.419577,93.5,2022-06-10 13:58:24+00:00,1.0910867436437661,601.0076082271943,1.0,1.0910867436437661,3.9279122771175583,15.275290222120269
51.624015,0.419608,93.3,2022-06-10 13:58:25+00:00,2.2482049686599637,603.2558131958542,1.0,2.2482049686599637,8.09353788717587,7.41332169397383
51.624017,0.419623,93.2,2022-06-10 13:58:26+00:00,1.0623444450562474,604.3181576409105,1.0,1.0623444450562474,3.8244400022024907,15.688571389653406
51.62402,0.419639,93.0,2022-06-10 13:58:27+00:00,1.1572122911051552,605.4753699320156,1.0,1.1572122911051552,4.165964247978559,14.402427968294173
51.624022,0.419666,92.9,2022-06-10 13:58:28+00:00,1.8829950153558932,607.3583649473715,1.0,1.8829950153558932,6.778782055281216,8.851147523360067
51.624024,0.419676,92.8,2022-06-10 13:58:29+00:00,0.7273909386559607,608.0857558860274,1.0,0.7273909386559607,2.6186073791614586,22.912942382073883
51.624027,0.419687,92.7,2022-06-10 13:58:30+00:00,0.8316874079452815,608.9174432939727,1.0,0.8316874079452815,2.9940746686030133,20.039580384945786
51.62403,0.419697,92.6,2022-06-10 13:58:31+00:00,0.768759792967362,609.68620308694,1.0,0.768759792967362,2.767535254682503,21.679940625321255
51.624028,0.419724,92.5,2022-06-10 13:58:32+00:00,1.8829946894907243,611.5691977764308,1.0,1.8829946894907243,6.778780882166608,8.851149055111962
51.624028,0.419738,92.4,2022-06-10 13:58:33+00:00,0.96952617378082,612.5387239502115,1.0,0.96952617378082,3.4902942256109517,17.190527824197233
51.624028,0.419751,92.3,2022-06-10 13:58:34+00:00,0.900274304223125,613.4389982544346,1.0,0.900274304223125,3.24098749520325,18.512876118405778
51.624027,0.419765,92.2,2022-06-10 13:58:35+00:00,0.9758892639090823,614.4148875183437,1.0,0.9758892639090823,3.513201350072696,17.078440436884854
51.624031,0.419798,91.9,2022-06-10 13:58:36+00:00,2.3282419598981656,616.7431294782418,1.0,2.3282419598981656,8.381671055633397,7.158477062837423
51.624033,0.419812,91.8,2022-06-10 13:58:37+00:00,0.9947342176299906,617.7378636958719,1.0,0.9947342176299906,3.5810431834679664,16.75489429364954
51.624035,0.419826,91.7,2022-06-10 13:58:38+00:00,0.9947341758421019,618.732597871714,1.0,0.9947341758421019,3.581043033031567,16.754894997507588
51.624035,0.41985,91.6,2022-06-10 13:58:39+00:00,1.6620446135877358,620.3946424853017,1.0,1.6620446135877358,5.983360608915849,10.027809440499636
51.624037,0.419872,91.4,2022-06-10 13:58:40+00:00,1.5397051947509257,621.9343476800526,1.0,1.5397051947509257,5.542938701103333,10.824582993865127
51.624041,0.419906,91.2,2022-06-10 13:58:41+00:00,2.3962529517985747,624.3306006318512,1.0,2.3962529517985747,8.62651062647487,6.9553035518045085
51.624041,0.41992,91.1,2022-06-10 13:58:42+00:00,0.9695258967174333,625.3001265285686,1.0,0.9695258967174333,3.4902932281827597,17.19053273676932
51.624041,0.419934,91.0,2022-06-10 13:58:43+00:00,0.969525896713589,626.2696524252822,1.0,0.969525896713589,3.4902932281689205,17.190532736837483
51.624043,0.419952,90.8,2022-06-10 13:58:44+00:00,1.2662387279215108,627.5358911532037,1.0,1.2662387279215108,4.558459420517439,13.162341586269795
51.624047,0.419978,90.6,2022-06-10 13:58:45+00:00,1.8547329122896388,629.3906240654933,1.0,1.8547329122896388,6.6770384842427,8.986019796290737
51.624052,0.42,90.5,2022-06-10 13:58:46+00:00,1.621926686483099,631.0125507519764,1.0,1.621926686483099,5.838936071339156,10.27584465165056
51.624059,0.42002,90.3,2022-06-10 13:58:47+00:00,1.5889899359229096,632.6015406878993,1.0,1.5889899359229096,5.720363769322475,10.488843440651756
51.624072,0.420044,90.1,2022-06-10 13:58:48+00:00,2.203272837069554,634.8048135249688,1.0,2.203272837069554,7.9317822134503935,7.564504216751494
51.624079,0.420059,90.0,2022-06-10 13:58:49+00:00,1.2983144219507312,636.1031279469196,1.0,1.2983144219507312,4.673931919022633,12.837157459611996
51.624085,0.420086,89.8,2022-06-10 13:58:50+00:00,1.9853925250369553,638.0885204719565,1.0,1.9853925250369553,7.147413090133039,8.394645621200997
51.624087,0.420102,89.6,2022-06-10 13:58:51+00:00,1.1301515318347093,639.2186720037912,1.0,1.1301515318347093,4.068545514604954,14.747284941170399
51.624089,0.420117,89.5,2022-06-10 13:58:52+00:00,1.0623428377205635,640.2810148415117,1.0,1.0623428377205635,3.8244342157940285,15.688595126623929
51.624086,0.420135,89.4,2022-06-10 13:58:53+00:00,1.290446267780911,641.5714611092926,1.0,1.290446267780911,4.645606564011279,12.915428625577068
51.624087,0.42016,89.2,2022-06-10 13:58:54+00:00,1.7348658510037238,643.3063269602964,1.0,1.7348658510037238,6.245517063613406,9.6068907328045
51.624088,0.420179,89.1,2022-06-10 13:58:55+00:00,1.3204793985742715,644.6268063588707,1.0,1.3204793985742715,4.753725834867378,12.621678675685324
51.624091,0.420196,88.9,2022-06-10 13:58:56+00:00,1.2236822033314865,645.8504885622021,1.0,1.2236822033314865,4.405255931993351,13.620094025467976
51.62409,0.420217,88.8,2022-06-10 13:58:57+00:00,1.458537032124094,647.3090255943263,1.0,1.458537032124094,5.250733315646738,11.426975318134156
51.624093,0.420226,88.7,2022-06-10 13:58:58+00:00,0.7070148085047497,648.016040402831,1.0,0.7070148085047497,2.545253310617099,23.573292194423253
51.624104,0.420238,88.5,2022-06-10 13:58:59+00:00,1.4793359425605277,649.4953763453915,1.0,1.4793359425605277,5.3256093932179,11.266316316102582
51.624108,0.420257,88.4,2022-06-10 13:59:00+00:00,1.389009328758188,650.8843856741497,1.0,1.389009328758188,5.000433583529476,11.998959489758878
51.624109,0.420287,88.5,2022-06-10 13:59:01+00:00,2.0805294637671965,652.9649151379169,1.0,2.0805294637671965,7.489906069561908,8.010781369319558
51.624109,0.420308,88.5,2022-06-10 13:59:02+00:00,1.4542866711910347,654.419201809108,1.0,1.4542866711910347,5.235432016287725,11.460372288922214
51.624117,0.420342,88.6,2022-06-10 13:59:03+00:00,2.517179795621638,656.9363816047296,1.0,2.517179795621638,9.061847264237898,6.621166551414614
51.624121,0.42036,88.6,2022-06-10 13:59:04+00:00,1.3235940630614855,658.2599756677911,1.0,1.3235940630614855,4.764938627021348,12.591977504127293
51.624125,0.420378,88.7,2022-06-10 13:59:05+00:00,1.3235939594059885,659.5835696271971,1.0,1.3235939594059885,4.764938253861558,12.591978490251229
51.624132,0.42039,88.7,2022-06-10 13:59:06+00:00,1.1389284510926825,660.7224980782898,1.0,1.1389284510926825,4.100142423933657,14.633638004807716
51.624137,0.420405,88.8,2022-06-10 13:59:07+00:00,1.1783571516948084,661.9008552299847,1.0,1.1783571516948084,4.24208574610131,14.143985669111713
51.624139,0.420417,88.8,2022-06-10 13:59:08+00:00,0.8602966206730766,662.7611518506578,1.0,0.8602966206730766,3.0970678344230755,19.37316300699524
51.624135,0.420384,88.9,2022-06-10 13:59:09+00:00,2.3282366357980955,665.089388486456,1.0,2.3282366357980955,8.381651888873144,7.1584934325000456
51.624133,0.420362,88.9,2022-06-10 13:59:10+00:00,1.5397019476942904,666.6290904341503,1.0,1.5397019476942904,5.542927011699446,10.82460582168196
51.62413,0.420341,89.0,2022-06-10 13:59:11+00:00,1.492098227318397,668.1211886614686,1.0,1.492098227318397,5.371553618346229,11.169952729332067
51.624112,0.420276,89.2,2022-06-10 13:59:12+00:00,4.926764085984693,673.0479527474533,1.0,4.926764085984693,17.736350709544894,3.382883039615965
51.624105,0.420231,89.3,2022-06-10 13:59:13+00:00,3.212174779245677,676.260127526699,1.0,3.212174779245677,11.563829205284437,5.188592717417619
51.624097,0.420209,89.3,2022-06-10 13:59:14+00:00,1.764487285534147,678.0246148122332,1.0,1.764487285534147,6.352154227922929,9.4456144871689
51.624106,0.420193,89.4,2022-06-10 13:59:15+00:00,1.493456300469013,679.5180711127022,1.0,1.493456300469013,5.376442681688447,11.159795342811556
51.624107,0.420155,89.5,2022-06-10 13:59:16+00:00,2.6339174411263797,682.1519885538286,1.0,2.6339174411263797,9.482102788054966,6.327710355089666
51.624108,0.4201,89.6,2022-06-10 13:59:17+00:00,3.810470833457069,685.9624593872857,1.0,3.810470833457069,13.717695000445449,4.3739126725045026
51.62411,0.420081,89.8,2022-06-10 13:59:18+00:00,1.3344664481954864,687.2969258354811,1.0,1.3344664481954864,4.804079213503751,12.489386068270157
51.624086,0.420018,90.1,2022-06-10 13:59:19+00:00,5.115150436011677,692.4120762714929,1.0,5.115150436011677,18.41454156964204,3.258294526262613
51.624078,0.419937,90.5,2022-06-10 13:59:20+00:00,5.6795734872688,698.0916497587617,1.0,5.6795734872688,20.44646455416768,2.934492652313819
51.624074,0.419897,90.7,2022-06-10 13:59:21+00:00,2.805594307138627,700.8972440659004,1.0,2.805594307138627,10.100139505699058,5.940512006407899
51.624078,0.419833,91.0,2022-06-10 13:59:22+00:00,4.454402817765568,705.3516468836659,1.0,4.454402817765568,16.035850143956047,3.7416164070736313
51.624082,0.419802,91.2,2022-06-10 13:59:23+00:00,2.192449583451479,707.5440964671174,1.0,2.192449583451479,7.892818500425324,7.601847172434884
51.62406,0.41975,91.5,2022-06-10 13:59:24+00:00,4.3542199441024945,711.8983164112199,1.0,4.3542199441024945,15.67519179876898,3.827704360511364
51.624054,0.41967,91.9,2022-06-10 13:59:25+00:00,5.580220068366591,717.4785364795864,1.0,5.580220068366591,20.08879224611973,2.98674003219827
51.624049,0.419632,92.1,2022-06-10 13:59:26+00:00,2.68972671409664,720.1682631936831,1.0,2.68972671409664,9.683016170747903,6.1964163791503495
51.624042,0.419574,92.4,2022-06-10 13:59:27+00:00,4.091417072295365,724.2596802659784,1.0,4.091417072295365,14.729101460263315,4.07356824595649
51.624041,0.41955,92.5,2022-06-10 13:59:28+00:00,1.6657641911581806,725.9254444571366,1.0,1.6657641911581806,5.99675108816945,10.005417786702802
51.624021,0.419497,92.8,2022-06-10 13:59:29+00:00,4.292201458991417,730.2176459161279,1.0,4.292201458991417,15.4519252523691,3.8830112765916174
51.624019,0.419435,93.0,2022-06-10 13:59:30+00:00,4.299378956824268,734.5170248729522,1.0,4.299378956824268,15.477764244567364,3.8765288740626587
51.624019,0.419404,93.2,2022-06-10 13:59:31+00:00,2.1468083809559966,736.6638332539083,1.0,2.1468083809559966,7.728510171441588,7.763462642737039
51.624005,0.419344,93.5,2022-06-10 13:59:32+00:00,4.437479052171734,741.10131230608,1.0,4.437479052171734,15.974924587818244,3.7558862747779913
51.624001,0.419286,93.7,2022-06-10 13:59:33+00:00,4.0411907103508495,745.1425030164309,1.0,4.0411907103508495,14.548286557263058,4.124197015492915
51.62399,0.419264,93.8,2022-06-10 13:59:34+00:00,1.9542311851476433,747.0967342015784,1.0,1.9542311851476433,7.035232266531516,8.528503072377022
51.623976,0.419253,93.9,2022-06-10 13:59:35+00:00,1.7339395997793607,748.8306738013578,1.0,1.7339395997793607,6.242182559205699,9.612022626847818
51.623971,0.419265,94.0,2022-06-10 13:59:36+00:00,1.0000353644749993,749.8307091658328,1.0,1.0000353644749993,3.6001273121099975,16.666077279593377
51.623976,0.419284,94.1,2022-06-10 13:59:37+00:00,1.4285539809955103,751.2592631468283,1.0,1.4285539809955103,5.142794331583837,11.666809156943609
51.623979,0.419304,94.2,2022-06-10 13:59:38+00:00,1.424690253356189,752.6839534001845,1.0,1.424690253356189,5.12888491208228,11.698449278644576
51.623986,0.419325,94.2,2022-06-10 13:59:39+00:00,1.6497042874194079,754.3336576876038,1.0,1.6497042874194079,5.938935434709869,10.102820725972606
51.623994,0.419352,94.4,2022-06-10 13:59:40+00:00,2.0708464192482627,756.4045041068521,1.0,2.0708464192482627,7.455047109293746,8.04823888036894
51.623994,0.419361,94.4,2022-06-10 13:59:41+00:00,0.6232672918317292,757.0277713986839,1.0,0.6232672918317292,2.243762250594225,26.7408010737813
51.623992,0.419378,94.5,2022-06-10 13:59:42+00:00,1.19812764431391,758.2258990429978,1.0,1.19812764431391,4.313259519530076,13.910593537978656
51.623994,0.419401,94.5,2022-06-10 13:59:43+00:00,1.608262655911263,759.834161698909,1.0,1.608262655911263,5.789745561280546,10.363149704065666
51.623998,0.419437,94.3,2022-06-10 13:59:44+00:00,2.5324799371122264,762.3666416360213,1.0,2.5324799371122264,9.116927773604015,6.5811643450457415
51.624,0.419449,94.3,2022-06-10 13:59:45+00:00,0.8602990729474115,763.2269407089688,1.0,0.8602990729474115,3.0970766626106814,19.37310778397813
51.624002,0.419462,94.2,2022-06-10 13:59:46+00:00,0.9273673005072522,764.154308009476,1.0,0.9273673005072522,3.338522281826108,17.972023229145904
51.624006,0.419486,94.0,2022-06-10 13:59:47+00:00,1.7205979679963057,765.8749059774724,1.0,1.7205979679963057,6.194152684786701,9.68655489351505
51.62401,0.419506,93.9,2022-06-10 13:59:48+00:00,1.4547823099312553,767.3296882874037,1.0,1.4547823099312553,5.237216315752519,11.456467784141696
51.624007,0.419522,93.8,2022-06-10 13:59:50+00:00,1.157212523996684,768.4869008114003,2.0,0.578606261998342,2.082982543194031,28.804850139548655
51.62401,0.419535,93.7,2022-06-10 13:59:51+00:00,0.9601583216722605,769.4470591330726,1.0,0.9601583216722605,3.456569958020138,17.358248416406113
51.624014,0.419555,93.6,2022-06-10 13:59:52+00:00,1.4547821939289385,770.9018413270015,1.0,1.4547821939289385,5.2372158981441785,11.456468697664567
51.624017,0.419574,93.5,2022-06-10 13:59:53+00:00,1.3574615926749882,772.2593029196765,1.0,1.3574615926749882,4.886861733629957,12.277818213496301
51.624017,0.419585,93.4,2022-06-10 13:59:54+00:00,0.7617707493130309,773.0210736689896,1.0,0.7617707493130309,2.742374697526911,21.878848304029475
51.624025,0.419603,93.3,2022-06-10 13:59:55+00:00,1.5316957450132127,774.5527694140028,1.0,1.5316957450132127,5.514104682047566,10.881186241411735
51.624022,0.4196,93.3,2022-06-10 13:59:56+00:00,0.3931563151471828,774.94592572915,1.0,0.3931563151471828,1.415362734529858,42.391959697829854
51.624027,0.41963,93.0,2022-06-10 13:59:57+00:00,2.1507465570787536,777.0966722862287,1.0,2.1507465570787536,7.742687605483513,7.749247168064343
51.624028,0.419656,92.9,2022-06-10 13:59:58+00:00,1.8039828697957152,778.9006551560244,1.0,1.8039828697957152,6.494338331264575,9.238816479756272
51.624031,0.419675,92.7,2022-06-10 13:59:59+00:00,1.3574611998513353,780.2581163558757,1.0,1.3574611998513353,4.886860319464807,12.277821766465182
51.624031,0.419694,92.6,2022-06-10 14:00:00+00:00,1.3157854347851674,781.5739017906609,1.0,1.3157854347851674,4.736827565226603,12.666705547920802
51.624028,0.419713,92.5,2022-06-10 14:00:01+00:00,1.35746120002865,782.9313629906895,1.0,1.35746120002865,4.88686032010314,12.277821764861425
51.624028,0.419745,92.3,2022-06-10 14:00:02+00:00,2.2160598257808726,785.1474228164705,1.0,2.2160598257808726,7.977815372811142,7.5208559230993846
51.624029,0.41976,92.2,2022-06-10 14:00:03+00:00,1.0447194032130276,786.1921422196834,1.0,1.0447194032130276,3.7609898515668996,15.953246982307828
51.624031,0.419774,92.1,2022-06-10 14:00:04+00:00,0.9947342581798665,787.1868764778633,1.0,0.9947342581798665,3.5810433294475192,16.754893610644125
51.624033,0.419797,91.9,2022-06-10 14:00:06+00:00,1.6082613037949045,788.7951377816582,2.0,0.8041306518974523,2.894870346830828,20.726316833389536
51.62404,0.41983,91.7,2022-06-10 14:00:07+00:00,2.414375768692519,791.2095135503507,1.0,2.414375768692519,8.69175276729307,6.903095567303648
51.624046,0.419835,91.6,2022-06-10 14:00:08+00:00,0.752019550093605,791.9615331004443,1.0,0.752019550093605,2.707270380336978,22.162544397405814
51.624048,0.419852,91.5,2022-06-10 14:00:09+00:00,1.1981262719780075,793.1596593724223,1.0,1.1981262719780075,4.313254579120827,13.910609471196533
51.624049,0.419881,91.3,2022-06-10 14:00:10+00:00,2.011382863945229,795.1710422363675,1.0,2.011382863945229,7.2409783102028245,8.28617314257904
51.624048,0.419896,91.2,2022-06-10 14:00:11+00:00,1.0447189489708215,796.2157611853384,1.0,1.0447189489708215,3.7609882162949577,15.95325391875529
51.624055,0.419915,91.0,2022-06-10 14:00:12+00:00,1.5290037651075405,797.7447649504459,1.0,1.5290037651075405,5.504413554387146,10.900343770896102
51.624059,0.41993,90.9,2022-06-10 14:00:13+00:00,1.1300972332779962,798.8748621837238,1.0,1.1300972332779962,4.068350039800786,14.747993514082678
51.624062,0.419942,90.8,2022-06-10 14:00:14+00:00,0.895548316665491,799.7704105003893,1.0,0.895548316665491,3.2239739399957674,18.610572267863546
51.624065,0.41996,90.7,2022-06-10 14:00:15+00:00,1.2904469024905951,801.0608574028798,1.0,1.2904469024905951,4.645608848966143,12.915422273089717
51.624064,0.419981,90.5,2022-06-10 14:00:16+00:00,1.4585378610483504,802.5193952639282,1.0,1.4585378610483504,5.250736299774061,11.426968823892716
51.624069,0.420015,90.3,2022-06-10 14:00:17+00:00,2.419386491300305,804.9387817552285,1.0,2.419386491300305,8.709791368681099,6.8887987622470055
51.624077,0.42003,90.2,2022-06-10 14:00:18+00:00,1.367955751106423,806.306737506335,1.0,1.367955751106423,4.9246407039831235,12.183629955271885
51.624089,0.420057,89.9,2022-06-10 14:00:19+00:00,2.297541552327743,808.6042790586628,1.0,2.297541552327743,8.271149588379874,7.254130681458586
51.624095,0.420071,89.8,2022-06-10 14:00:20+00:00,1.1771220455936282,809.7814011042564,1.0,1.1771220455936282,4.2376393641370615,14.158826375782969
51.624101,0.420085,89.7,2022-06-10 14:00:21+00:00,1.177121940624674,810.9585230448811,1.0,1.177121940624674,4.237638986248826,14.15882763838555
51.624095,0.420106,89.6,2022-06-10 14:00:22+00:00,1.6001839573525247,812.5587070022336,1.0,1.6001839573525247,5.7606622464690895,10.415469165333567
51.624107,0.420123,89.4,2022-06-10 14:00:23+00:00,1.78003926072446,814.3387462629581,1.0,1.78003926072446,6.408141338608056,9.363089362356808
51.624113,0.420139,89.3,2022-06-10 14:00:24+00:00,1.2935856450119405,815.6323319079701,1.0,1.2935856450119405,4.656908322042986,12.88408442914719
51.624112,0.420167,89.1,2022-06-10 14:00:25+00:00,1.9422381087087248,817.5745700166788,1.0,1.9422381087087248,6.992057191351409,8.5811655079445
51.624113,0.420182,88.9,2022-06-10 14:00:26+00:00,1.0447174962268664,818.6192875129057,1.0,1.0447174962268664,3.7609829864167192,15.953276102736393
51.624114,0.420198,88.8,2022-06-10 14:00:27+00:00,1.1135997955795587,819.7328873084853,1.0,1.1135997955795587,4.008959264086411,14.966477843139971
51.624124,0.420219,88.6,2022-06-10 14:00:28+00:00,1.8310740056461323,821.5639613141313,1.0,1.8310740056461323,6.591866420326077,9.102126192210068
51.624135,0.420234,88.7,2022-06-10 14:00:29+00:00,1.6052706029215447,823.1692319170529,1.0,1.6052706029215447,5.778974170517561,10.382465508515406
51.624139,0.420248,88.7,2022-06-10 14:00:30+00:00,1.066788550575229,824.2360204676281,1.0,1.066788550575229,3.840438782070825,15.623214795171677
51.624137,0.420266,88.8,2022-06-10 14:00:31+00:00,1.2662361390936239,825.5022566067217,1.0,1.2662361390936239,4.558450100737046,13.162368496761372
51.62414,0.420282,88.8,2022-06-10 14:00:32+00:00,1.1572094942889317,826.6594661010107,1.0,1.1572094942889317,4.1659541794401544,14.402462776982139
51.624141,0.4203,88.9,2022-06-10 14:00:33+00:00,1.2514860337251181,827.9109521347358,1.0,1.2514860337251181,4.5053497214104254,13.317501128684114
51.624141,0.420318,88.9,2022-06-10 14:00:34+00:00,1.2465305555900483,829.1574826903259,1.0,1.2465305555900483,4.487510000124174,13.370443742373775
51.624145,0.420336,89.0,2022-06-10 14:00:35+00:00,1.3235934441335426,830.4810761344594,1.0,1.3235934441335426,4.764936398880754,12.591983392284844
51.624145,0.420338,89.0,2022-06-10 14:00:36+00:00,0.1385033828869323,830.6195795173463,1.0,0.1385033828869323,0.49861217839295635,120.33400426235477
51.624139,0.420322,89.0,2022-06-10 14:00:37+00:00,1.2935849787192673,831.9131644960656,1.0,1.2935849787192673,4.656905923389362,12.884091065410903
51.624132,0.420284,89.1,2022-06-10 14:00:38+00:00,2.744393594466616,834.6575580905322,1.0,2.744393594466616,9.879816940079818,6.072987016246807
51.624135,0.420232,89.3,2022-06-10 14:00:39+00:00,3.616524644868409,838.2740827354006,1.0,3.616524644868409,13.019488721526272,4.608475899733043
51.624121,0.420192,89.4,2022-06-10 14:00:40+00:00,3.177976035371705,841.4520587707723,1.0,3.177976035371705,11.440713727338137,5.244428051427168
51.624122,0.420169,89.4,2022-06-10 14:00:41+00:00,1.5966708938739276,843.0487296646462,1.0,1.5966708938739276,5.748015217946139,10.438385725331987
51.624111,0.42014,89.5,2022-06-10 14:00:42+00:00,2.351830952122401,845.4005606167686,1.0,2.351830952122401,8.466591427640644,7.086677148978712
51.624115,0.420089,89.7,2022-06-10 14:00:43+00:00,3.5597677253172977,848.960328342086,1.0,3.5597677253172977,12.815163811142272,4.681953417390763
51.624122,0.420067,89.8,2022-06-10 14:00:44+00:00,1.7110614002895808,850.6713897423756,1.0,1.7110614002895808,6.159821041042491,9.740542720352403
51.624109,0.420006,90.1,2022-06-10 14:00:45+00:00,4.465109802933102,855.1364995453087,1.0,4.465109802933102,16.074395290559167,3.7326443026593523
51.624104,0.419979,90.2,2022-06-10 14:00:46+00:00,1.9507979300978895,857.0872974754066,1.0,1.9507979300978895,7.022872548352402,8.543512585042752
51.624098,0.419925,90.4,2022-06-10 14:00:47+00:00,3.7987114114862988,860.8860088868929,1.0,3.7987114114862988,13.675361081350676,4.387452707323613
51.624087,0.419877,90.6,2022-06-10 14:00:48+00:00,3.54222810432737,864.4282369912203,1.0,3.54222810432737,12.752021175578532,4.705136477886842
51.624103,0.419822,90.9,2022-06-10 14:00:49+00:00,4.204318985154783,868.6325559763751,1.0,4.204318985154783,15.13554834655722,3.9641774864171198
51.624079,0.419784,91.1,2022-06-10 14:00:50+00:00,3.749047112311244,872.3816030886863,1.0,3.749047112311244,13.496569604320479,4.445574079860485
51.624076,0.419721,91.4,2022-06-10 14:00:51+00:00,4.375612339648585,876.7572154283349,1.0,4.375612339648585,15.752204422734907,3.808990690433331
51.624072,0.419699,91.5,2022-06-10 14:00:52+00:00,1.5872095613399984,878.344424989675,1.0,1.5872095613399984,5.7139544208239945,10.500608787031164
51.624062,0.419636,91.8,2022-06-10 14:00:53+00:00,4.502495512457808,882.8469205021328,1.0,4.502495512457808,16.20898384484811,3.701650922372318
51.624066,0.419608,91.9,2022-06-10 14:00:54+00:00,1.9894671061803046,884.8363876083131,1.0,1.9894671061803046,7.162081582249097,8.377452743446451
51.624057,0.419561,92.1,2022-06-10 14:00:55+00:00,3.4053838756218813,888.2417714839349,1.0,3.4053838756218813,12.259381952238773,4.894210836545717
51.624051,0.419504,92.3,2022-06-10 14:00:56+00:00,4.003404050614519,892.2451755345495,1.0,4.003404050614519,14.41225458221227,4.163123795637951
51.624045,0.419481,92.4,2022-06-10 14:00:57+00:00,1.7270278680047466,893.9722034025542,1.0,1.7270278680047466,6.217300324817088,9.65049086667133
51.624042,0.41942,92.7,2022-06-10 14:00:58+00:00,4.237528630279481,898.2097320328337,1.0,4.237528630279481,15.255103069006132,3.933110102802405
51.624044,0.419394,92.8,2022-06-10 14:00:59+00:00,1.8142459811599718,900.0239780139937,1.0,1.8142459811599718,6.5312855321758985,9.18655289290514
51.624033,0.419354,93.0,2022-06-10 14:01:00+00:00,3.028390564179234,903.052368578173,1.0,3.028390564179234,10.902206031045242,5.5034733180737305
51.624012,0.419308,93.2,2022-06-10 14:01:01+00:00,3.9505727967055058,907.0029413748784,1.0,3.9505727967055058,14.22206206813982,4.218797507178065
51.624006,0.419251,93.4,2022-06-10 14:01:02+00:00,4.00340789915091,911.0063492740294,1.0,4.00340789915091,14.412268436943277,4.1631197935642605
51.624001,0.419238,93.5,2022-06-10 14:01:03+00:00,1.0582842186524575,912.0646334926819,1.0,1.0582842186524575,3.809823187148847,15.748762357893604
51.623997,0.419267,93.6,2022-06-10 14:01:04+00:00,2.0570251040621033,914.1216585967439,1.0,2.0570251040621033,7.405290374623572,8.102315637156893
51.624001,0.419287,93.7,2022-06-10 14:01:05+00:00,1.454782570669524,915.5764411674135,1.0,1.454782570669524,5.237217254410287,11.456465730817966
51.624001,0.419306,93.7,2022-06-10 14:01:06+00:00,1.315786302510934,916.8922274699244,1.0,1.315786302510934,4.736830689039363,12.666697194568316
51.624009,0.419344,93.9,2022-06-10 14:01:07+00:00,2.7780241876928353,919.6702516576172,1.0,2.7780241876928353,10.000887075694207,5.999467801793485
51.624011,0.419354,93.9,2022-06-10 14:01:08+00:00,0.7273911249921688,920.3976427826094,1.0,0.7273911249921688,2.618608049971808,22.912936512452085
51.624013,0.419365,94.0,2022-06-10 14:01:09+00:00,0.7936057767765733,921.1912485593859,1.0,0.7936057767765733,2.8569807963956637,21.001191214059034
51.624015,0.419382,94.0,2022-06-10 14:01:10+00:00,1.1981271118159622,922.389375671202,1.0,1.1981271118159622,4.3132576025374645,13.910599720429946
51.624017,0.419396,94.1,2022-06-10 14:01:11+00:00,0.9947345499876064,923.3841102211895,1.0,0.9947345499876064,3.581044379955383,16.75488869555634
51.624021,0.419415,94.1,2022-06-10 14:01:12+00:00,1.3890117104174708,924.773121931607,1.0,1.3890117104174708,5.000442157502895,11.998938915826319
51.624025,0.419446,94.2,2022-06-10 14:01:13+00:00,2.1924522169913865,926.9655741485983,1.0,2.1924522169913865,7.892827981168992,7.6018380412128925
51.624032,0.419463,94.1,2022-06-10 14:01:14+00:00,1.4115789467331679,928.3771530953314,1.0,1.4115789467331679,5.0816842082394045,11.80710912785892
51.624034,0.419472,94.1,2022-06-10 14:01:15+00:00,0.661798140614472,929.0389512359459,1.0,0.661798140614472,2.3824733062120993,25.1839128033691
51.624032,0.419472,94.0,2022-06-10 14:01:16+00:00,0.22252039766883472,929.2614716336147,1.0,0.22252039766883472,0.801073431607805,74.89950063576096
51.62404,0.419504,93.8,2022-06-10 14:01:17+00:00,2.3881299508120835,931.6496015844268,1.0,2.3881299508120835,8.5972678229235,6.978961367240157
51.624039,0.419529,93.7,2022-06-10 14:01:18+00:00,1.7348676359556316,933.3844692203825,1.0,1.7348676359556316,6.2455234894402745,9.606880848570343
51.62404,0.419558,93.5,2022-06-10 14:01:19+00:00,2.011383260621671,935.3958524810041,1.0,2.011383260621671,7.240979738238015,8.286171508415256
51.624039,0.419589,93.3,2022-06-10 14:01:20+00:00,2.1496885594376445,937.5455410404418,1.0,2.1496885594376445,7.7388788139755205,7.75306106249486
51.624038,0.419603,93.2,2022-06-10 14:01:21+00:00,0.9758890311468943,938.5214300715887,1.0,0.9758890311468943,3.5132005121288197,17.07844451031435
51.624037,0.419618,93.1,2022-06-10 14:01:22+00:00,1.044719198750968,939.5661492703397,1.0,1.044719198750968,3.7609891155034854,15.953250104518787
51.624042,0.419637,93.0,2022-06-10 14:01:23+00:00,1.4285522254575416,940.9947014957972,1.0,1.4285522254575416,5.142788011647149,11.666823494204849
51.624044,0.419656,92.9,2022-06-10 14:01:24+00:00,1.3344683299696434,942.3291698257669,1.0,1.3344683299696434,4.8040859878907165,12.489368456609084
51.624044,0.419672,92.8,2022-06-10 14:01:25+00:00,1.108029523176824,943.4371993489438,1.0,1.108029523176824,3.9889062834365667,15.041717136635292
51.624045,0.419707,92.5,2022-06-10 14:01:26+00:00,2.426366796348311,945.8635661452921,1.0,2.426366796348311,8.73492046685392,6.8689806882249
51.624045,0.419721,92.4,2022-06-10 14:01:27+00:00,0.96952581146715,946.8330919567593,1.0,0.96952581146715,3.49029292128174,17.190534248330714
51.624044,0.419736,92.3,2022-06-10 14:01:28+00:00,1.0447190400492259,947.8778109968085,1.0,1.0447190400492259,3.7609885441772133,15.95325252795369
51.62405,0.419769,92.1,2022-06-10 14:01:29+00:00,2.3808156427658655,950.2586266395743,1.0,2.3808156427658655,8.570936313957116,7.000402033357147
51.624052,0.419782,92.0,2022-06-10 14:01:30+00:00,0.9273663418966008,951.1859929814709,1.0,0.9273663418966008,3.338518830827763,17.972041806672514
51.624055,0.419795,91.9,2022-06-10 14:01:31+00:00,0.9601574871710128,952.146150468642,1.0,0.9601574871710128,3.456566953815646,17.3582635029728
51.624057,0.419796,91.9,2022-06-10 14:01:32+00:00,0.23304751298919296,952.3791979816311,1.0,0.23304751298919296,0.8389710467610947,71.516174761494
51.62406,0.419826,91.7,2022-06-10 14:01:33+00:00,2.104196519451007,954.4833945010821,1.0,2.104196519451007,7.575107470023625,7.920679704866664
51.624054,0.419845,91.5,2022-06-10 14:01:34+00:00,1.475441383978214,955.9588358850604,1.0,1.475441383978214,5.31158898232157,11.29605475869773
51.624055,0.419867,91.4,2022-06-10 14:01:35+00:00,1.527597362833837,957.4864332478942,1.0,1.527597362833837,5.4993505062018135,10.910379313399984
51.624057,0.419878,91.3,2022-06-10 14:01:36+00:00,0.7936050701596041,958.2800383180538,1.0,0.7936050701596041,2.856978252574575,21.001209913281915
51.624054,0.419889,91.2,2022-06-10 14:01:37+00:00,0.8316869475707519,959.1117252656246,1.0,0.8316869475707519,2.9940730112547067,20.039591477716233
51.624059,0.419907,91.1,2022-06-10 14:01:38+00:00,1.3650329648264645,960.4767582304511,1.0,1.3650329648264645,4.914118673375272,12.209717344654374
51.62406,0.419918,91.0,2022-06-10 14:01:39+00:00,0.7698522081679819,961.2466104386191,1.0,0.7698522081679819,2.771467949404735,21.64917693271069
51.624065,0.419938,90.9,2022-06-10 14:01:40+00:00,1.4925804707813755,962.7391909094005,1.0,1.4925804707813755,5.373289694812952,11.166343787106875
51.624063,0.41996,90.7,2022-06-10 14:01:41+00:00,1.5397042665403717,964.2788951759409,1.0,1.5397042665403717,5.542935359545338,10.82458951946384
51.624066,0.419987,90.5,2022-06-10 14:01:42+00:00,1.8993571821256579,966.1782523580665,1.0,1.8993571821256579,6.837685855652368,8.77489859385702
51.62407,0.420006,90.4,2022-06-10 14:01:43+00:00,1.3890103695676592,967.5672627276342,1.0,1.3890103695676592,5.000437330443574,11.998950498731196
51.624063,0.420028,90.2,2022-06-10 14:01:44+00:00,1.7110629489220042,969.2783256765562,1.0,1.7110629489220042,6.159826616119215,9.740533904475532
51.624069,0.420041,90.1,2022-06-10 14:01:45+00:00,1.1207722429651417,970.3990979195213,1.0,1.1207722429651417,4.03478007467451,14.870698994626187
51.624077,0.420066,89.9,2022-06-10 14:01:46+00:00,1.9466966167690616,972.3457945362903,1.0,1.9466966167690616,7.008107820368622,8.56151211395661
51.62408,0.420083,89.8,2022-06-10 14:01:47+00:00,1.2236824774857633,973.5694770137761,1.0,1.2236824774857633,4.405256918948748,13.62009097401705
51.624082,0.420099,89.7,2022-06-10 14:01:48+00:00,1.1301516508515523,974.6996286646277,1.0,1.1301516508515523,4.068545943065589,14.747283388126348
51.624087,0.420115,89.5,2022-06-10 14:01:49+00:00,1.2398379088387692,975.9394665734665,1.0,1.2398379088387692,4.46341647181957,13.44261741623681
51.624091,0.420135,89.4,2022-06-10 14:01:50+00:00,1.454779964696774,977.3942465381632,1.0,1.454779964696774,5.237207872908387,11.456486252985048
51.624099,0.420165,89.1,2022-06-10 14:01:51+00:00,2.2601928756694356,979.6544394138326,1.0,2.2601928756694356,8.136694352409968,7.374001947391435
51.624101,0.420178,89.0,2022-06-10 14:01:52+00:00,0.9273654000291076,980.5818048138617,1.0,0.9273654000291076,3.3385154401047874,17.9720600597602
51.624104,0.42019,88.9,2022-06-10 14:01:53+00:00,0.8955476056041546,981.4773524194659,1.0,0.8955476056041546,3.2239713801749565,18.61058704458597
51.624111,0.420226,88.6,2022-06-10 14:01:54+00:00,2.6118816265795277,984.0892340460454,1.0,2.6118816265795277,9.4027738556863,6.381095719293001
51.624112,0.420244,88.5,2022-06-10 14:01:56+00:00,1.2514868259239054,985.3407208719693,2.0,0.6257434129619527,2.25267628666303,26.634985397249487
51.624114,0.420262,88.5,2022-06-10 14:01:57+00:00,1.2662368133669022,986.6069576853363,1.0,1.2662368133669022,4.558452528120848,13.162361487777536
51.624116,0.420279,88.6,2022-06-10 14:01:58+00:00,1.1981245439964459,987.8050822293327,1.0,1.1981245439964459,4.313248358387205,13.910629533615587
51.624117,0.420297,88.6,2022-06-10 14:01:59+00:00,1.2514866886431182,989.0565689179758,1.0,1.2514866886431182,4.505352079115226,13.317494159475984
51.624118,0.420332,88.7,2022-06-10 14:02:00+00:00,2.426362911615579,991.4829318295914,1.0,2.426362911615579,8.734906481816084,6.868991685818865
51.624119,0.420345,88.8,2022-06-10 14:02:01+00:00,0.9071215071216611,992.3900533367131,1.0,0.9071215071216611,3.26563742563798,18.373135832211474
51.62412,0.420357,88.8,2022-06-10 14:02:02+00:00,0.8384356509893691,993.2284889877025,1.0,0.8384356509893691,3.018368343561729,19.87828958250964
51.624125,0.420356,88.8,2022-06-10 14:02:03+00:00,0.5605948687449704,993.7890838564474,1.0,0.5605948687449704,2.0181415274818937,29.730323261750684
51.624124,0.42034,88.9,2022-06-10 14:02:04+00:00,1.11359952922364,994.902683385671,1.0,1.11359952922364,4.0089583052051045,14.966481422891802
51.624122,0.420323,88.9,2022-06-10 14:02:05+00:00,1.1981243405170607,996.1008077261881,1.0,1.1981243405170607,4.313247625861419,13.910631896080188
51.624121,0.420307,89.0,2022-06-10 14:02:06+00:00,1.1135996017858336,997.214407327974,1.0,1.1135996017858336,4.008958566429001,14.966480447675288
51.62412,0.420291,89.0,2022-06-10 14:02:07+00:00,1.1135996261205365,998.3280069540945,1.0,1.1135996261205365,4.008958654033932,14.966480120623403
51.624118,0.420275,89.1,2022-06-10 14:02:08+00:00,1.1301507436706497,999.4581576977652,1.0,1.1301507436706497,4.068542677214339,14.74729522588687
51.624119,0.420263,89.1,2022-06-10 14:02:09+00:00,0.838435668356542,1000.2965933661217,1.0,0.838435668356542,3.0183684060835514,19.878289170755103
51.624107,0.420224,89.2,2022-06-10 14:02:10+00:00,3.012800852361145,1003.3093942184828,1.0,3.012800852361145,10.846083068500123,5.531950992912435
51.624103,0.420172,89.4,2022-06-10 14:02:11+00:00,3.628487092408197,1006.937881310891,1.0,3.628487092408197,13.06255353266951,4.593282611239809
51.624113,0.420121,89.6,2022-06-10 14:02:12+00:00,3.702940844650255,1010.6408221555413,1.0,3.702940844650255,13.330587040740918,4.500927064699259
51.624117,0.420094,89.6,2022-06-10 14:02:13+00:00,1.9220306367507431,1012.562852792292,1.0,1.9220306367507431,6.919310292302676,8.67138449720147
51.624102,0.420062,89.8,2022-06-10 14:02:14+00:00,2.7741919154500363,1015.337044707742,1.0,2.7741919154500363,9.987090895620131,6.007755474250583
51.624095,0.420047,90.0,2022-06-10 14:02:15+00:00,1.2983140035795684,1016.6353587113216,1.0,1.2983140035795684,4.673930412886446,12.837161596281922
51.624097,0.419992,90.2,2022-06-10 14:02:16+00:00,3.8153416365166484,1020.4507003478383,1.0,3.8153416365166484,13.735229891459934,4.368328777467775
51.624093,0.419922,90.4,2022-06-10 14:02:17+00:00,4.868009565666492,1025.3187099135048,1.0,4.868009565666492,17.524834436399374,3.4237128012678397
51.62408,0.419849,90.6,2022-06-10 14:02:18+00:00,5.258221116938139,1030.576931030443,1.0,5.258221116938139,18.9295960209773,3.1696397500247504
51.624086,0.419803,90.8,2022-06-10 14:02:19+00:00,3.25477673295037,1033.8317077633933,1.0,3.25477673295037,11.717196238621332,5.12067893872363
51.624068,0.419745,91.0,2022-06-10 14:02:20+00:00,4.488190073180176,1038.3198978365735,1.0,4.488190073180176,16.157484263448634,3.713449384922605
51.624061,0.419679,91.2,2022-06-10 14:02:21+00:00,4.636499478531774,1042.9563973151053,1.0,4.636499478531774,16.691398122714386,3.5946659206666083
51.624056,0.419645,91.3,2022-06-10 14:02:22+00:00,2.4193868938281162,1045.3757842089333,1.0,2.4193868938281162,8.709792817781219,6.8887976161165145
51.624037,0.419613,91.4,2022-06-10 14:02:23+00:00,3.0626255839580048,1048.4384097928912,1.0,3.0626255839580048,11.025452102248817,5.441953712515974
51.624051,0.41956,91.6,2022-06-10 14:02:24+00:00,3.987192494762301,1052.4256022876534,1.0,3.987192494762301,14.353892981144284,4.18005067188517
51.624028,0.419501,91.8,2022-06-10 14:02:25+00:00,4.821062956197525,1057.2466652438509,1.0,4.821062956197525,17.35582664231109,3.457052276249888
51.624019,0.419455,92.0,2022-06-10 14:02:26+00:00,3.3392582321540796,1060.585923476005,1.0,3.3392582321540796,12.021329635754686,4.991128420731744
51.624033,0.419399,92.2,2022-06-10 14:02:27+00:00,4.179228203684629,1064.7651516796898,1.0,4.179228203684629,15.045221533264666,3.9879771705149887
51.624007,0.419357,92.3,2022-06-10 14:02:28+00:00,4.102185059379752,1068.8673367390695,1.0,4.102185059379752,14.767866213767109,4.062875376272434
51.62401,0.419305,92.5,2022-06-10 14:02:29+00:00,3.616534496837524,1072.4838712359071,1.0,3.616534496837524,13.019524188615087,4.608463345570413
51.624001,0.419251,92.7,2022-06-10 14:02:30+00:00,3.8713453103536914,1076.3552165462609,1.0,3.8713453103536914,13.93684311727329,4.305135639048426
51.623999,0.419232,92.7,2022-06-10 14:02:31+00:00,1.3344695563332578,1077.6896861025941,1.0,1.3344695563332578,4.804090402799728,12.489356979009635
51.623994,0.419243,92.8,2022-06-10 14:02:32+00:00,0.9432740790403659,1078.6329601816344,1.0,0.9432740790403659,3.395786684545317,17.66895437604137
51.623996,0.419261,92.8,2022-06-10 14:02:33+00:00,1.2662399955342647,1079.8992001771687,1.0,1.2662399955342647,4.558463983923353,13.162328409658627
51.623998,0.419278,92.9,2022-06-10 14:02:34+00:00,1.1981275438115262,1081.0973277209803,1.0,1.1981275438115262,4.313259157721494,13.910594704839246
51.624,0.419296,92.9,2022-06-10 14:02:35+00:00,1.2662398881526125,1082.3635676091328,1.0,1.2662398881526125,4.558463597349405,13.162329525870954
51.624007,0.41932,93.0,2022-06-10 14:02:36+00:00,1.8354723844757108,1084.1990399936085,1.0,1.8354723844757108,6.607700584112559,9.08031458693255
51.624008,0.41933,93.0,2022-06-10 14:02:37+00:00,0.7013996061742203,1084.9004395997827,1.0,0.7013996061742203,2.525038582227193,23.762013151924755
51.624009,0.419339,93.1,2022-06-10 14:02:38+00:00,0.6331198154445069,1085.5335594152273,1.0,0.6331198154445069,2.2792313356002247,26.324664400158085
51.62401,0.419349,93.1,2022-06-10 14:02:39+00:00,0.7013995761982479,1086.2349589914256,1.0,0.7013995761982479,2.5250384743136927,23.762014167450673
51.624011,0.419358,93.1,2022-06-10 14:02:40+00:00,0.6331197884662209,1086.868078779892,1.0,0.6331197884662209,2.279231238478395,26.324665521895767
51.624012,0.419376,93.2,2022-06-10 14:02:41+00:00,1.2514895543950837,1088.119568334287,1.0,1.2514895543950837,4.505362395822301,13.317463664107544
51.624018,0.419396,93.2,2022-06-10 14:02:42+00:00,1.537519954966837,1089.6570882892538,1.0,1.537519954966837,5.535071837880613,10.83996771087511
51.624019,0.419397,93.2,2022-06-10 14:02:43+00:00,0.1310521089659985,1089.7881403982199,1.0,0.1310521089659985,0.47178759227759465,127.17587529240629
51.62402,0.419392,93.3,2022-06-10 14:02:44+00:00,0.36369549365356335,1090.1518358918734,1.0,0.36369549365356335,1.3093037771528282,45.82588169910741
51.624022,0.419383,93.3,2022-06-10 14:02:45+00:00,0.6617982943295952,1090.813634186203,1.0,0.6617982943295952,2.382473859586543,25.183906953930844
51.624024,0.419374,93.3,2022-06-10 14:02:46+00:00,0.6617982698301007,1091.475432456033,1.0,0.6617982698301007,2.3824737713883626,25.183907886228525
51.624022,0.419372,93.3,2022-06-10 14:02:47+00:00,0.2621042110338912,1091.737536667067,1.0,0.2621042110338912,0.9435751597220083,63.58793931972193
51.624028,0.419371,93.4,2022-06-10 14:02:48+00:00,0.6711436261236297,1092.4086802931906,1.0,0.6711436261236297,2.416117054045067,24.83323392778007
51.624033,0.41937,93.4,2022-06-10 14:02:49+00:00,0.560594876407291,1092.969275169598,1.0,0.560594876407291,2.0181415550662476,29.730322855390806
51.624034,0.419368,93.4,2022-06-10 14:02:50+00:00,0.17765729096566546,1093.1469324605637,1.0,0.17765729096566546,0.6395662474763957,93.8135810586446
51.624037,0.419366,93.4,2022-06-10 14:02:51+00:00,0.3613762103709062,1093.5083086709346,1.0,0.3613762103709062,1.3009543573352624,46.11998850051717
51.62404,0.419367,93.4,2022-06-10 14:02:52+00:00,0.3408889930232422,1093.849197663958,1.0,0.3408889930232422,1.227200374883672,48.89177124451864
51.62404,0.419365,93.4,2022-06-10 14:02:53+00:00,0.13850370257571498,1093.9877013665337,1.0,0.13850370257571498,0.49861332927257396,120.33372651215299
51.624041,0.419367,93.4,2022-06-10 14:02:54+00:00,0.17765727393509398,1094.1653586404686,1.0,0.17765727393509398,0.6395661861663383,93.81359005179677
51.624041,0.41937,93.4,2022-06-10 14:02:55+00:00,0.20775554929851522,1094.3731141897672,1.0,0.20775554929851522,0.7479199774746548,80.22248610418119
51.624043,0.419371,93.4,2022-06-10 14:02:56+00:00,0.23304751916765792,1094.606161708935,1.0,0.23304751916765792,0.8389710690035685,71.51617286548506
51.624049,0.419372,93.5,2022-06-10 14:02:57+00:00,0.6711436244525427,1095.2773053333874,1.0,0.6711436244525427,2.416117048029154,24.83323398961258
51.624049,0.419372,93.5,2022-06-10 14:02:58+00:00,0.0,1095.2773053333874,1.0,0.0,0.0,inf
51.624049,0.419372,93.5,2022-06-10 14:02:59+00:00,0.0,1095.2773053333874,1.0,0.0,0.0,inf
51.624049,0.419364,93.5,2022-06-10 14:03:00+00:00,0.5540147006953505,1095.8313200340829,1.0,0.5540147006953505,1.994452922503262,30.08343757981175
51.624047,0.419364,93.5,2022-06-10 14:03:01+00:00,0.22252039891907704,1096.053840433002,1.0,0.22252039891907704,0.8010734361086774,74.89950021493425
51.624047,0.419364,93.5,2022-06-10 14:03:02+00:00,0.0,1096.053840433002,1.0,0.0,0.0,inf
51.624049,0.419362,93.5,2022-06-10 14:03:03+00:00,0.26210417109751055,1096.3159446040995,1.0,0.26210417109751055,0.943575015951038,63.587949008511465
51.624049,0.419362,93.5,2022-06-10 14:03:04+00:00,0.0,1096.3159446040995,1.0,0.0,0.0,inf
51.624054,0.419371,93.5,2022-06-10 14:03:05+00:00,0.8354232061806284,1097.1513678102801,1.0,0.8354232061806284,3.0075235422502624,19.949968522975333
51.624047,0.41937,93.6,2022-06-10 14:03:06+00:00,0.7818942254858309,1097.933262035766,1.0,0.7818942254858309,2.814819211748991,21.31575617700823
51.624046,0.41937,93.6,2022-06-10 14:03:07+00:00,0.11126019750650946,1098.0445222332723,1.0,0.11126019750650946,0.4005367110234341,149.79900305939645
51.624046,0.41937,93.6,2022-06-10 14:03:08+00:00,0.0,1098.0445222332723,1.0,0.0,0.0,inf
51.624046,0.41937,93.6,2022-06-10 14:03:09+00:00,0.0,1098.0445222332723,1.0,0.0,0.0,inf
51.62406,0.419373,93.6,2022-06-10 14:03:10+00:00,1.5714367307291233,1099.6159589640015,1.0,1.5714367307291233,5.657172230624844,10.606005536687169
51.624064,0.419377,93.7,2022-06-10 14:03:11+00:00,0.5242082959402795,1100.1401672599418,1.0,0.5242082959402795,1.8871498653850063,31.793977309671227
51.624061,0.419376,93.7,2022-06-10 14:03:12+00:00,0.3408889864203714,1100.4810562463622,1.0,0.3408889864203714,1.2272003511133371,48.89177219153089
51.624057,0.41938,93.7,2022-06-10 14:03:13+00:00,0.5242083071644209,1101.0052645535266,1.0,0.5242083071644209,1.8871499057919152,31.793976628911132
51.624048,0.419382,93.7,2022-06-10 14:03:14+00:00,1.0108751880392517,1102.016139741566,1.0,1.0108751880392517,3.639150676941306,16.487363488458193
51.624055,0.419394,93.8,2022-06-10 14:03:15+00:00,1.1389294690477276,1103.1550692106136,1.0,1.1389294690477276,4.10014608857182,14.63362492552051
51.624055,0.419404,93.8,2022-06-10 14:03:16+00:00,0.6925182845295876,1103.8475874951432,1.0,0.6925182845295876,2.4930658243065156,24.06675323812997
51.624053,0.41943,93.9,2022-06-10 14:03:17+00:00,1.8142455497599814,1105.6618330449032,1.0,1.8142455497599814,6.531283979135933,9.186555077327657
51.624053,0.419466,94.0,2022-06-10 14:03:18+00:00,2.4930659339101715,1108.1548989788134,1.0,2.4930659339101715,8.975037362076618,6.6852089389093505
51.624052,0.419479,94.0,2022-06-10 14:03:19+00:00,0.9071228037088178,1109.0620217825222,1.0,0.9071228037088178,3.2656420933517443,18.37310957074847
51.624051,0.419492,93.9,2022-06-10 14:03:20+00:00,0.9071228240773377,1109.9691446065995,1.0,0.9071228240773377,3.2656421666784157,18.373109158198993
51.624051,0.419507,93.8,2022-06-10 14:03:21+00:00,1.038777518135904,1111.0079221247354,1.0,1.038777518135904,3.7395990652892546,16.0445007479322
51.624052,0.41952,93.7,2022-06-10 14:03:22+00:00,0.9071228240773377,1111.9150449488127,1.0,0.9071228240773377,3.2656421666784157,18.373109158198993
51.624055,0.41954,93.6,2022-06-10 14:03:23+00:00,1.4246880046397776,1113.3397329534525,1.0,1.4246880046397776,5.128876816703199,11.698467743385484
51.624056,0.419555,93.5,2022-06-10 14:03:24+00:00,1.0447187904457311,1114.3844517438984,1.0,1.0447187904457311,3.760987645604632,15.95325633949381
51.624061,0.419575,93.4,2022-06-10 14:03:25+00:00,1.49258058429998,1115.8770323281983,1.0,1.49258058429998,5.373290103479928,11.166342937847695
51.624067,0.41959,93.3,2022-06-10 14:03:26+00:00,1.234785838188393,1117.1118181663867,1.0,1.234785838188393,4.445229017478215,13.497617280028935
51.624067,0.419614,93.1,2022-06-10 14:03:27+00:00,1.6620434444370218,1118.7738616108238,1.0,1.6620434444370218,5.983356399973278,10.027816494479247
51.624067,0.419627,93.0,2022-06-10 14:03:28+00:00,0.9002735324035498,1119.6741351432274,1.0,0.9002735324035498,3.2409847166527794,18.512891989804487
51.624066,0.41964,92.9,2022-06-10 14:03:29+00:00,0.9071225289806266,1120.581257672208,1.0,0.9071225289806266,3.265641104330256,18.373115135168927
51.624066,0.419654,92.8,2022-06-10 14:03:30+00:00,0.9695253639030863,1121.5507830361112,1.0,0.9695253639030863,3.4902913100511106,17.19054218403374
51.624071,0.419666,92.7,2022-06-10 14:03:31+00:00,1.0000339272155963,1122.5508169633267,1.0,1.0000339272155963,3.6001221379761468,16.66610123225701
51.624077,0.41969,92.6,2022-06-10 14:03:32+00:00,1.7910961768017466,1124.3419131401286,1.0,1.7910961768017466,6.447946236486288,9.30528850573917
51.624074,0.419696,92.5,2022-06-10 14:03:33+00:00,0.5329715743521273,1124.8748847144807,1.0,0.5329715743521273,1.9186976676676581,31.271211202823398
51.624083,0.419728,92.3,2022-06-10 14:03:34+00:00,2.4317885680479745,1127.3066732825287,1.0,2.4317885680479745,8.754438844972709,6.853666015892655
51.624084,0.419742,92.2,2022-06-10 14:03:35+00:00,0.9758880778768934,1128.2825613604055,1.0,0.9758880778768934,3.513197080356816,17.078461192933172
51.624085,0.419755,92.1,2022-06-10 14:03:36+00:00,0.9071221756955365,1129.189683536101,1.0,0.9071221756955365,3.2656398325039317,18.373122290707407
51.624094,0.419787,91.8,2022-06-10 14:03:37+00:00,2.431788080194581,1131.6214716162956,1.0,2.431788080194581,8.754437088700492,6.853667390841505
51.624096,0.419799,91.7,2022-06-10 14:03:38+00:00,0.8602973787982298,1132.4817689950937,1.0,0.8602973787982298,3.0970705636736273,19.373145934663587
51.624098,0.419811,91.6,2022-06-10 14:03:39+00:00,0.8602973449512842,1133.342066340045,1.0,0.8602973449512842,3.097070441824623,19.373146696867284
51.624099,0.419846,91.4,2022-06-10 14:03:40+00:00,2.426363922264798,1135.7684302623097,1.0,2.426363922264798,8.734910120153273,6.868988824689494
51.624102,0.419858,91.3,2022-06-10 14:03:41+00:00,0.8955476394486703,1136.6639779017585,1.0,0.8955476394486703,3.223971502015213,18.610586341255093
51.624104,0.41987,91.2,2022-06-10 14:03:42+00:00,0.860297238812762,1137.5242751405713,1.0,0.860297238812762,3.0970700597259433,19.373149087014628
51.62411,0.419901,91.0,2022-06-10 14:03:43+00:00,2.24820069117131,1139.7724758317427,1.0,2.24820069117131,8.093522488216717,7.413335798764189
51.624111,0.419915,90.9,2022-06-10 14:03:44+00:00,0.9758875060209713,1140.7483633377637,1.0,0.9758875060209713,3.5131950216754966,17.078471200663685
51.624111,0.41993,90.8,2022-06-10 14:03:45+00:00,1.0387761480413418,1141.787139485805,1.0,1.0387761480413418,3.7395941329488305,16.044521909838227
51.624112,0.419944,90.7,2022-06-10 14:03:46+00:00,0.9758874853912175,1142.7630269711963,1.0,0.9758874853912175,3.5131949474083832,17.078471561693682
51.624109,0.419967,90.5,2022-06-10 14:03:47+00:00,1.627387423773114,1144.3904143949694,1.0,1.627387423773114,5.8585947255832105,10.241363809992357
51.624112,0.419989,90.4,2022-06-10 14:03:48+00:00,1.5596726079761143,1145.9500870029456,1.0,1.5596726079761143,5.614821388714011,10.68600331982102
51.624117,0.420019,90.1,2022-06-10 14:03:49+00:00,2.1507425890840013,1148.1008295920296,1.0,2.1507425890840013,7.742673320702405,7.7492614649738165
51.624122,0.420032,90.0,2022-06-10 14:03:50+00:00,1.0582822716759812,1149.1591118637057,1.0,1.0582822716759812,3.8098161780335325,15.74879133170396
51.624127,0.420044,89.9,2022-06-10 14:03:51+00:00,1.000033081422282,1150.159144945128,1.0,1.000033081422282,3.6001190931202154,16.666115327867704
51.624129,0.420059,89.8,2022-06-10 14:03:52+00:00,1.062341945365153,1151.2214868904932,1.0,1.062341945365153,3.824431003314551,15.688608304869224
51.62413,0.420074,89.7,2022-06-10 14:03:53+00:00,1.044717110492163,1152.2662040009855,1.0,1.044717110492163,3.7609815977717873,15.953281993069924
51.624132,0.420088,89.6,2022-06-10 14:03:54+00:00,0.994732162301726,1153.2609361632872,1.0,0.994732162301726,3.5810357842862137,16.754928912825548
51.624133,0.420111,89.5,2022-06-10 14:03:55+00:00,1.596670509675012,1154.8576066729622,1.0,1.596670509675012,5.748013834830044,10.438388237069034
51.624136,0.420122,89.4,2022-06-10 14:03:56+00:00,0.831685738124544,1155.6892924110869,1.0,0.831685738124544,2.994068657248359,20.039620619502372
51.624139,0.420134,89.3,2022-06-10 14:03:57+00:00,0.8955470126408197,1156.5848394237278,1.0,0.8955470126408197,3.223969245506951,18.610599367105728
51.624141,0.420146,89.2,2022-06-10 14:03:58+00:00,0.8602965862955296,1157.4451360100234,1.0,0.8602965862955296,3.097067710663907,19.373163781148985
51.624143,0.420164,89.0,2022-06-10 14:03:59+00:00,1.2662360311815184,1158.7113720412049,1.0,1.2662360311815184,4.558449712253466,13.162369618494495
51.624145,0.420182,88.9,2022-06-10 14:04:00+00:00,1.2662359772253196,1159.9776080184301,1.0,1.2662359772253196,4.558449518011151,13.162370179362647
51.624143,0.420206,88.7,2022-06-10 14:04:02+00:00,1.6768704151126852,1161.6544784335429,2.0,0.8384352075563426,3.0183667472028333,19.87830009577296
51.624148,0.420236,88.4,2022-06-10 14:04:03+00:00,2.15074122145848,1163.8052196550013,1.0,2.15074122145848,7.742668397250529,7.74926639261813
51.624147,0.420253,88.3,2022-06-10 14:04:04+00:00,1.1825243955396754,1164.987744050541,1.0,1.1825243955396754,4.257087823942832,14.094141930205511
51.624146,0.42027,88.3,2022-06-10 14:04:05+00:00,1.1825244211080883,1166.1702684716493,1.0,1.1825244211080883,4.257087915989118,14.094141625463527
51.624148,0.420292,88.4,2022-06-10 14:04:06+00:00,1.5397015165625967,1167.709969988212,1.0,1.5397015165625967,5.542925459625348,10.824608852678935
51.624148,0.420308,88.4,2022-06-10 14:04:07+00:00,1.108026990023679,1168.8179969782357,1.0,1.108026990023679,3.9888971640852446,15.041751524762489
51.624148,0.420324,88.4,2022-06-10 14:04:08+00:00,1.1080269900198354,1169.9260239682555,1.0,1.1080269900198354,3.9888971640714077,15.041751524814668
51.624155,0.42035,88.5,2022-06-10 14:04:09+00:00,1.9617646321888342,1171.8877886004443,1.0,1.9617646321888342,7.062352675879803,8.495752443080224
51.624162,0.420371,88.5,2022-06-10 14:04:10+00:00,1.6496993377027847,1173.537487938147,1.0,1.6496993377027847,5.938917615730025,10.102851038223177
51.624165,0.420387,88.6,2022-06-10 14:04:11+00:00,1.157208911265733,1174.6946968494128,1.0,1.157208911265733,4.1659520805566395,14.402470033208596
51.624167,0.420404,88.6,2022-06-10 14:04:12+00:00,1.1981232473025518,1175.8928200967155,1.0,1.1981232473025518,4.313243690289187,13.91064458868477
51.624169,0.420423,88.6,2022-06-10 14:04:13+00:00,1.3344647660252087,1177.2272848627406,1.0,1.3344647660252087,4.804073157690752,12.489401811866065
51.62417,0.420435,88.6,2022-06-10 14:04:14+00:00,0.8384347458721182,1178.0657196086127,1.0,0.8384347458721182,3.0183650851396258,19.878311041762025
51.624168,0.420457,88.7,2022-06-10 14:04:15+00:00,1.5397007878734341,1179.6054203964861,1.0,1.5397007878734341,5.542922836344363,10.82461397560621
51.624168,0.420449,88.7,2022-06-10 14:04:16+00:00,0.5540132514392117,1180.1594336479254,1.0,0.5540132514392117,1.994447705181162,30.08351627577521
51.624166,0.420433,88.7,2022-06-10 14:04:17+00:00,1.130149598986268,1181.2895832469117,1.0,1.130149598986268,4.068538556350565,14.747310162846128
51.624161,0.420379,88.8,2022-06-10 14:04:18+00:00,3.7807410398702657,1185.070324286782,1.0,3.7807410398702657,13.610667743532957,4.408306861249237
51.624161,0.420315,88.9,2022-06-10 14:04:19+00:00,4.432106693513131,1189.502430980295,1.0,4.432106693513131,15.95558409664727,3.7604389558266154
51.624149,0.420261,89.0,2022-06-10 14:04:20+00:00,3.970779404801174,1193.473210385096,1.0,3.970779404801174,14.294805857284228,4.197328777950887
51.624147,0.420212,89.1,2022-06-10 14:04:21+00:00,3.4006208035986005,1196.8738311886948,1.0,3.4006208035986005,12.242234892954961,4.901065902152245
51.624131,0.420134,89.3,2022-06-10 14:04:22+00:00,5.687408574949991,1202.5612397636448,1.0,5.687408574949991,20.47467086981997,2.930450036607967
51.624127,0.42006,89.8,2022-06-10 14:04:23+00:00,5.143915132211299,1207.7051548958561,1.0,5.143915132211299,18.518094475960677,3.240074192184795
51.624123,0.420024,90.1,2022-06-10 14:04:24+00:00,2.5324729799687535,1210.237627875825,1.0,2.5324729799687535,9.116902727887513,6.581182424648142
51.624115,0.419949,90.7,2022-06-10 14:04:25+00:00,5.269595137557743,1215.5072230133826,1.0,5.269595137557743,18.970542495207873,3.162798323514287
51.624106,0.419914,90.9,2022-06-10 14:04:26+00:00,2.622507454847214,1218.1297304682298,1.0,2.622507454847214,9.44102683744997,6.3552409110835715
51.624097,0.419838,91.5,2022-06-10 14:04:27+00:00,5.357542394425587,1223.4872728626553,1.0,5.357542394425587,19.28715261993211,3.1108791008369794
51.624091,0.419797,91.8,2022-06-10 14:04:28+00:00,2.9167431145758775,1226.4040159772312,1.0,2.9167431145758775,10.50027521247316,5.714135942715737
51.624085,0.419726,92.3,2022-06-10 14:04:29+00:00,4.961986501759653,1231.3660024789908,1.0,4.961986501759653,17.86315140633475,3.358869811668416
51.62408,0.419687,92.6,2022-06-10 14:04:30+00:00,2.757516587125847,1234.1235190661166,1.0,2.757516587125847,9.92705971365305,6.044085734417393
51.624069,0.419628,93.0,2022-06-10 14:04:31+00:00,4.265214996337007,1238.3887340624535,1.0,4.265214996337007,15.354773986813225,3.9075794962223718
51.624066,0.419599,93.2,2022-06-10 14:04:32+00:00,2.035850758694861,1240.4245848211483,1.0,2.035850758694861,7.3290627313015,8.186585679468616
51.624052,0.419544,93.6,2022-06-10 14:04:33+00:00,4.115044487201666,1244.53962930835,1.0,4.115044487201666,14.814160153925997,4.050178975829353
51.624045,0.419493,93.9,2022-06-10 14:04:34+00:00,3.616695048140863,1248.1563243564908,1.0,3.616695048140863,13.020102173307107,4.6082587679694065
51.624033,0.419432,94.3,2022-06-10 14:04:35+00:00,4.430326706554002,1252.5866510630449,1.0,4.430326706554002,15.949176143594407,3.761949799776807
51.624026,0.419378,94.6,2022-06-10 14:04:36+00:00,3.8198399365548,1256.4064909995998,1.0,3.8198399365548,13.75142377159728,4.3631845688536135
51.624021,0.419363,94.7,2022-06-10 14:04:37+00:00,1.1783593814459112,1257.5848503810457,1.0,1.1783593814459112,4.242093773205281,14.143958905148068
