IP Address,Login Source,Login Date & Time
82.132.225.25,Mobile,"16 Nov 2021, 19:13:26"
2a02:c7e:2bf6:8600:59a1:17dd:d000:33e1,Mobile,"13 Aug 2022, 20:33:35"
195.162.123.178,Web,"7 Sep 2022, 13:40:29"
2a02:c7c:a68a:1500:50fd:6386:4629:b721,Web,"5 Mar 2023, 23:24:37"
2a02:c7c:a708:8100:e1c5:3e34:7531:7c8a,Web,"18 Aug 2024, 17:57:21"
2a02:c7c:a708:8100:7c6e:c3f0:132b:9e4c,Web,"20 Aug 2024, 14:06:38"
86.18.215.36,Web,"15 Sep 2024, 19:15:24"
86.18.215.36,Web,"26 Nov 2024, 15:09:35"
157.143.226.67,Web,"3 Apr 2025, 20:18:25"
